{"stats":{"minecraft:dropped":{"cgm:advanced_bullet":64},"minecraft:crafted":{"minecraft:potion":4},"minecraft:picked_up":{"minecraft:cooked_porkchop":2,"minecraft:bone":3,"minecraft:rotten_flesh":14,"minecraft:slime_ball":1,"minecraft:copper_ingot":16,"moguns:45acp":188,"minecraft:potion":1,"minecraft:iron_nugget":15,"tombstone:grave_dust":1,"minecraft:gunpowder":14,"cgm:advanced_bullet":128,"minecraft:spider_eye":1,"moguns:m1911":1},"minecraft:used":{"moguns:m1911":78,"minecraft:potion":4,"minecraft:glass_bottle":5,"minecraft:cooked_porkchop":2,"tombstone:gift":2},"minecraft:killed":{"minecraft:drowned":1,"minecraft:zombie":13},"minecraft:custom":{"minecraft:open_chest":2,"minecraft:time_since_rest":13988,"minecraft:interact_with_furnace":7,"minecraft:crouch_one_cm":498,"minecraft:play_time":13988,"minecraft:sprint_one_cm":11463,"minecraft:damage_taken":302,"tombstone:undead_killed":14,"minecraft:walk_one_cm":86149,"minecraft:sneak_time":60,"minecraft:mob_kills":14,"minecraft:drop":2,"minecraft:jump":94,"minecraft:damage_dealt":37,"minecraft:leave_game":1,"minecraft:walk_on_water_one_cm":158,"minecraft:time_since_death":13988,"minecraft:total_world_time":13988,"minecraft:fall_one_cm":2700,"minecraft:fly_one_cm":7413}},"DataVersion":3120}