{"stats":{"minecraft:mined":{"minecraft:grass_block":1},"minecraft:custom":{"minecraft:time_since_rest":5389,"minecraft:open_chest":6,"minecraft:play_time":5389,"minecraft:sprint_one_cm":8311,"tombstone:undead_killed":4,"minecraft:walk_one_cm":9654,"minecraft:sneak_time":9,"minecraft:walk_under_water_one_cm":203,"minecraft:mob_kills":4,"minecraft:drop":1,"minecraft:jump":46,"minecraft:damage_dealt":13,"minecraft:leave_game":1,"minecraft:time_since_death":5389,"minecraft:walk_on_water_one_cm":488,"minecraft:total_world_time":5389,"minecraft:swim_one_cm":3923,"minecraft:fall_one_cm":1754,"minecraft:fly_one_cm":19605},"minecraft:dropped":{"minecraft:oak_log":16},"minecraft:picked_up":{"minecraft:rotten_flesh":3,"moguns:45acp":1,"minecraft:oak_log":16,"minecraft:gunpowder":2,"minecraft:spider_eye":1,"minecraft:dirt":1,"moguns:m1911":1},"minecraft:killed":{"minecraft:zombie":4},"minecraft:used":{"moguns:m1911":23,"minecraft:dirt":1,"minecraft:chest":1}},"DataVersion":3120}