{"stats":{"minecraft:crafted":{"minecraft:oak_planks":16,"minecraft:stone_axe":1,"minecraft:crafting_table":1,"minecraft:stick":8,"minecraft:stone_pickaxe":1,"minecraft:wooden_pickaxe":1},"minecraft:mined":{"minecraft:dirt":1,"minecraft:sand":18,"minecraft:iron_ore":1,"minecraft:copper_ore":9,"minecraft:stone":21,"minecraft:sandstone":1},"minecraft:used":{"minecraft:rotten_flesh":1,"moguns:m1911":6,"minecraft:potion":1,"minecraft:crafting_table":1,"minecraft:glass_bottle":1,"minecraft:stone_pickaxe":22,"minecraft:wooden_pickaxe":27},"minecraft:custom":{"minecraft:time_since_rest":4767,"minecraft:open_chest":3,"minecraft:crouch_one_cm":4,"minecraft:play_time":4767,"minecraft:sprint_one_cm":12188,"minecraft:damage_taken":50,"tombstone:undead_killed":2,"minecraft:walk_one_cm":12764,"minecraft:sneak_time":57,"minecraft:mob_kills":2,"minecraft:jump":72,"minecraft:time_since_death":4767,"minecraft:total_world_time":4767,"minecraft:interact_with_crafting_table":2,"minecraft:fall_one_cm":2067,"minecraft:fly_one_cm":25305},"minecraft:picked_up":{"minecraft:raw_iron":1,"minecraft:sandstone":1,"minecraft:bone":1,"minecraft:rotten_flesh":6,"minecraft:sand":18,"minecraft:dirt":1,"minecraft:cobblestone":21,"minecraft:raw_copper":36},"minecraft:killed":{"minecraft:zombie":2}},"DataVersion":3120}