{"stats":{"minecraft:crafted":{"minecraft:cooked_cod":2,"minecraft:oak_planks":52,"minecraft:stone_shovel":1,"alexsmobs:cooked_lobster_tail":1,"minecraft:crafting_table":2,"minecraft:wooden_pickaxe":1,"minecraft:furnace":2,"minecraft:bone_meal":24,"minecraft:bucket":1,"minecraft:birch_planks":12,"minecraft:stone_axe":2,"minecraft:air":0,"minecraft:potion":16,"minecraft:stick":50,"minecraft:iron_ingot":19,"minecraft:stone_pickaxe":3,"minecraft:chest":1,"betteranimalsplus:calamari_cooked":1,"minecraft:stone_hoe":1,"minecraft:torch":16,"minecraft:oak_fence":12},"minecraft:mined":{"minecraft:oak_fence":1,"spelunkers_charm:rock_pile":1,"minecraft:granite":23,"minecraft:grass_block":1,"minecraft:copper_ore":17,"minecraft:lapis_ore":5,"minecraft:sandstone":1,"minecraft:carrots":5,"minecraft:iron_ore":19,"minecraft:andesite":6,"minecraft:grass":2,"k_turrets:titanium_ore":8,"minecraft:coal_ore":48,"minecraft:gravel":13,"minecraft:sand":22,"minecraft:dirt":1,"minecraft:stone":74},"minecraft:used":{"minecraft:oak_fence":12,"minecraft:water_bucket":4,"minecraft:glass_bottle":10,"minecraft:stone_shovel":17,"minecraft:stone_pickaxe":192,"minecraft:chest":1,"minecraft:wooden_pickaxe":27,"minecraft:stone_hoe":15,"minecraft:rotten_flesh":23,"moguns:m1911":277,"minecraft:torch":15,"minecraft:crafting_table":2,"minecraft:carrot":23,"minecraft:granite":8,"alexsmobs:cooked_lobster_tail":1,"minecraft:stone_axe":8,"twigs:bronzed_seashell":1,"minecraft:cobblestone":12,"minecraft:potion":11,"minecraft:furnace":2,"minecraft:bucket":5,"minecraft:andesite":6,"tombstone:gift":3,"minecraft:bone_meal":12},"minecraft:custom":{"minecraft:interact_with_furnace":40,"minecraft:mob_kills":71,"minecraft:interact_with_crafting_table":24,"minecraft:time_since_death":52767,"minecraft:time_since_rest":52767,"minecraft:sprint_one_cm":140017,"minecraft:damage_taken":265,"minecraft:walk_one_cm":178342,"minecraft:drop":11,"minecraft:damage_dealt":244,"minecraft:swim_one_cm":29987,"minecraft:fly_one_cm":187606,"minecraft:open_chest":54,"minecraft:crouch_one_cm":1947,"minecraft:play_time":52767,"tombstone:undead_killed":69,"minecraft:sneak_time":994,"minecraft:walk_under_water_one_cm":8826,"minecraft:jump":856,"minecraft:walk_on_water_one_cm":3193,"minecraft:total_world_time":52767,"minecraft:fall_one_cm":27394},"minecraft:broken":{"minecraft:stone_pickaxe":1},"minecraft:dropped":{"minecraft:stone_axe":1,"moguns:45acp":192,"minecraft:rotten_flesh":1,"minecraft:carrot":2,"minecraft:cooked_cod":2,"minecraft:stone_pickaxe":1,"betteranimalsplus:calamari_cooked":1},"minecraft:picked_up":{"minecraft:birch_log":18,"betteranimalsplus:calamari_raw":1,"minecraft:prismarine_shard":2,"minecraft:andesite":6,"moguns:45acp":1,"minecraft:flint":2,"minecraft:gunpowder":20,"minecraft:lapis_lazuli":31,"minecraft:dirt":2,"minecraft:string":6,"minecraft:raw_copper":71,"minecraft:bone":28,"twigs:pebble":6,"dynamictrees:birch_seed":12,"twigs:twig":34,"minecraft:phantom_membrane":2,"minecraft:stick":12,"minecraft:raw_iron":19,"minecraft:sandstone":1,"minecraft:oak_fence":1,"minecraft:gravel":11,"minecraft:sand":22,"minecraft:ink_sac":3,"tombstone:grave_dust":8,"minecraft:carrot":24,"minecraft:spider_eye":4,"minecraft:rotten_flesh":107,"minecraft:slime_ball":2,"k_turrets:raw_titanium":8,"minecraft:granite":23,"tombstone:essence_of_undeath":1,"tombstone:magic_scroll":3,"spelunkers_charm:rock":3,"minecraft:coal":45,"minecraft:cod":2,"alexsmobs:lobster_tail":1,"minecraft:cobblestone":71,"minecraft:ender_pearl":3},"minecraft:killed":{"betteranimalsplus:shark":1,"alexsmobs:lobster":1,"minecraft:squid":1,"minecraft:zombie":69}},"DataVersion":3120}