{"stats":{"minecraft:crafted":{"minecraft:cooked_cod":2,"minecraft:oak_planks":40,"minecraft:potion":1,"minecraft:crafting_table":1,"minecraft:stick":18,"minecraft:wooden_pickaxe":1,"minecraft:stone_pickaxe":1,"minecraft:chest":1,"minecraft:furnace":2,"minecraft:torch":12,"minecraft:birch_planks":12,"minecraft:stone_axe":2,"minecraft:air":0},"minecraft:mined":{"minecraft:iron_ore":1,"minecraft:granite":19,"minecraft:coal_ore":8,"minecraft:sand":18,"minecraft:dirt":1,"minecraft:copper_ore":16,"minecraft:lapis_ore":5,"minecraft:stone":61,"minecraft:sandstone":1},"minecraft:used":{"minecraft:glass_bottle":3,"minecraft:stone_pickaxe":101,"minecraft:chest":1,"minecraft:wooden_pickaxe":27,"minecraft:rotten_flesh":5,"moguns:m1911":10,"minecraft:stone_axe":2,"minecraft:torch":4,"minecraft:potion":3,"minecraft:crafting_table":1,"minecraft:furnace":2,"minecraft:granite":4},"minecraft:custom":{"minecraft:time_since_rest":16767,"minecraft:interact_with_furnace":11,"minecraft:sprint_one_cm":40112,"minecraft:walk_one_cm":41186,"minecraft:damage_taken":60,"minecraft:mob_kills":3,"minecraft:drop":4,"minecraft:swim_one_cm":1980,"minecraft:interact_with_crafting_table":8,"minecraft:fly_one_cm":66202,"minecraft:open_chest":18,"minecraft:crouch_one_cm":508,"minecraft:play_time":16767,"tombstone:undead_killed":2,"minecraft:sneak_time":335,"minecraft:walk_under_water_one_cm":37,"minecraft:jump":254,"minecraft:walk_on_water_one_cm":499,"minecraft:time_since_death":16767,"minecraft:total_world_time":16767,"minecraft:fall_one_cm":8782},"minecraft:dropped":{"minecraft:stone_axe":1,"minecraft:cooked_cod":2,"minecraft:rotten_flesh":1},"minecraft:picked_up":{"minecraft:birch_log":12,"minecraft:stick":7,"minecraft:raw_iron":1,"minecraft:sandstone":1,"minecraft:prismarine_shard":2,"minecraft:sand":18,"minecraft:lapis_lazuli":31,"minecraft:dirt":1,"minecraft:raw_copper":67,"minecraft:bone":3,"minecraft:rotten_flesh":6,"minecraft:granite":19,"dynamictrees:birch_seed":11,"twigs:twig":30,"minecraft:cod":2,"minecraft:coal":8,"minecraft:cobblestone":60},"minecraft:killed":{"betteranimalsplus:shark":1,"minecraft:zombie":2}},"DataVersion":3120}