{"stats":{"minecraft:mined":{"minecraft:mossy_cobblestone":2,"minecraft:granite":23,"minecraft:grass_block":7,"farmersdelight:tomatoes":1,"minecraft:spruce_leaves":1,"minecraft:sandstone":1,"cgm:workbench":1,"minecraft:carrots":53,"minecraft:furnace":2,"minecraft:iron_ore":82,"minecraft:andesite":6,"minecraft:light_gray_concrete":4,"minecraft:stone":99,"farmersdelight:wild_potatoes":3,"minecraft:smithing_table":2,"minecraft:dandelion":1,"minecraft:oak_fence":4,"minecraft:torch":9,"spelunkers_charm:rock_pile":1,"minecraft:chest":1,"minecraft:rose_bush":10,"minecraft:copper_ore":17,"farmersdelight:cabbages":1,"minecraft:lapis_ore":5,"minecraft:sugar_cane":2,"minecraft:diorite":2,"minecraft:birch_planks":2,"minecraft:wheat":12,"minecraft:grass":28,"k_turrets:titanium_ore":21,"minecraft:coal_ore":74,"minecraft:oak_log":2,"minecraft:sand":23,"minecraft:gravel":31,"minecraft:dirt":1,"minecraft:cobweb":51,"minecraft:gold_ore":9,"minecraft:fern":2},"minecraft:dropped":{"minecraft:water_bucket":1,"minecraft:iron_ingot":23,"moguns:45acp":448,"minecraft:porkchop":12,"minecraft:wheat_seeds":2,"minecraft:crafting_table":2,"minecraft:cooked_porkchop":6,"travelersbackpack:black_sleeping_bag":1,"minecraft:lead":1,"travelersbackpack:iron_tier_upgrade":1,"minecraft:copper_ingot":16,"travelersbackpack:standard":1,"minecraft:rail":5,"moguns:m1911":2,"minecraft:cooked_cod":2,"moguns:big_iron":1,"minecraft:potion":5,"minecraft:phantom_membrane":2,"minecraft:string":68,"minecraft:birch_log":12,"minecraft:white_wool":2,"minecraft:redstone":5,"minecraft:bone":11,"minecraft:gold_ingot":18,"minecraft:stone_axe":2,"minecraft:iron_nugget":15,"spelunkers_charm:candle_on_helmet":1,"minecraft:stone_sword":1,"minecraft:rotten_flesh":1,"minecraft:white_bed":1,"minecraft:carrot":35,"cgm:basic_bullet":128,"minecraft:gunpowder":12,"travelersbackpack:white_sleeping_bag":1,"farmersdelight:rope":2,"minecraft:glass":19,"minecraft:stone_pickaxe":2,"betteranimalsplus:calamari_cooked":1},"minecraft:crafted":{"minecraft:light_gray_concrete_powder":16,"minecraft:black_dye":3,"minecraft:oak_planks":52,"minecraft:stone_shovel":1,"minecraft:iron_nugget":81,"minecraft:furnace":6,"minecraft:bone_meal":42,"minecraft:glass":26,"travelersbackpack:white_sleeping_bag":1,"minecraft:birch_fence_gate":1,"minecraft:stone_pickaxe":3,"minecraft:chest":4,"betteranimalsplus:calamari_cooked":1,"minecraft:stone_hoe":1,"cgm:workbench":1,"minecraft:oak_fence":12,"minecraft:glass_bottle":6,"minecraft:red_dye":2,"minecraft:cooked_cod":2,"alexsmobs:cooked_lobster_tail":1,"minecraft:crafting_table":6,"travelersbackpack:standard":2,"minecraft:wooden_pickaxe":1,"minecraft:red_bed":1,"minecraft:smithing_table":1,"minecraft:copper_ingot":71,"travelersbackpack:black_sleeping_bag":1,"minecraft:bucket":1,"minecraft:birch_planks":80,"minecraft:campfire":2,"minecraft:stone_axe":2,"minecraft:air":0,"minecraft:potion":41,"minecraft:charcoal":2,"minecraft:yellow_dye":1,"minecraft:white_dye":4,"minecraft:birch_fence":9,"minecraft:stick":54,"minecraft:iron_ingot":62,"minecraft:iron_pickaxe":1,"minecraft:light_gray_dye":6,"minecraft:white_bed":2,"minecraft:torch":44},"minecraft:picked_up":{"minecraft:iron_chestplate":1,"betteranimalsplus:calamari_raw":1,"minecraft:wheat":12,"cgm:basic_bullet":384,"minecraft:chicken":3,"minecraft:prismarine_shard":2,"minecraft:lead":2,"moguns:45acp":245,"minecraft:smithing_table":1,"minecraft:potion":1,"minecraft:string":77,"minecraft:raw_copper":71,"minecraft:iron_leggings":1,"farmersdelight:cabbage":1,"twigs:pebble":12,"minecraft:beef":16,"minecraft:rose_bush":10,"minecraft:iron_nugget":4,"alexsmobs:cooked_lobster_tail":5,"minecraft:sugar_cane":5,"minecraft:chest":1,"cgm:advanced_bullet":64,"minecraft:phantom_membrane":7,"farmersdelight:cabbage_seeds":4,"minecraft:iron_boots":1,"minecraft:furnace":2,"minecraft:stick":21,"minecraft:raw_iron":81,"minecraft:sandstone":1,"minecraft:oak_fence":4,"minecraft:torch":9,"travelersbackpack:iron_tier_upgrade":2,"minecraft:porkchop":20,"farmersdelight:tomato_seeds":1,"tombstone:grave_dust":32,"minecraft:diorite":2,"travelersbackpack:crafting_upgrade":1,"minecraft:carrot":196,"minecraft:redstone":10,"mutantmonsters:hulk_hammer":1,"minecraft:stone_sword":2,"minecraft:rotten_flesh":425,"k_turrets:raw_titanium":28,"farmersdelight:rope":2,"tombstone:essence_of_undeath":1,"minecraft:gold_ingot":9,"minecraft:rail":10,"minecraft:cod":2,"alexsmobs:lobster_tail":5,"minecraft:white_wool":21,"minecraft:cobblestone":95,"minecraft:birch_log":32,"minecraft:feather":4,"farmersdelight:rice":4,"minecraft:andesite":6,"minecraft:leather":9,"minecraft:potato":5,"minecraft:birch_planks":2,"minecraft:flint":3,"minecraft:gunpowder":60,"farmersdelight:skillet":1,"travelersbackpack:gold_tier_upgrade":1,"minecraft:lapis_lazuli":89,"farmersdelight:tomato":2,"minecraft:dirt":9,"tombstone:gift":1,"minecraft:bone":63,"minecraft:wheat_seeds":37,"minecraft:raw_gold":9,"minecraft:iron_ingot":6,"dynamictrees:birch_seed":22,"minecraft:stone_pickaxe":1,"moguns:big_iron":2,"tombstone:bag_of_seeds":1,"twigs:twig":41,"minecraft:cooked_porkchop":14,"minecraft:dandelion":1,"minecraft:gravel":57,"minecraft:sand":23,"minecraft:ink_sac":3,"spelunkers_charm:candle_on_helmet":1,"minecraft:spider_eye":9,"minecraft:mossy_cobblestone":3,"moguns:m1911":2,"travelersbackpack:white_sleeping_bag":1,"minecraft:bundle":8,"travelersbackpack:standard":2,"minecraft:light_gray_concrete":4,"minecraft:slime_ball":3,"minecraft:stone_axe":1,"minecraft:iron_helmet":1,"minecraft:granite":24,"tombstone:magic_scroll":16,"spelunkers_charm:rock":3,"minecraft:coal":71,"cgm:workbench":1,"minecraft:ender_pearl":6},"minecraft:broken":{"minecraft:stone_pickaxe":1},"minecraft:used":{"minecraft:oak_fence":12,"minecraft:stone_sword":52,"minecraft:stone_shovel":32,"farmersdelight:cabbage_seeds":5,"minecraft:chest":5,"minecraft:zombie_spawn_egg":1,"minecraft:stone_hoe":106,"minecraft:rotten_flesh":23,"minecraft:iron_chestplate":1,"minecraft:torch":57,"minecraft:dirt":7,"cgm:workbench":2,"minecraft:carrot":128,"minecraft:granite":8,"alexsmobs:cooked_lobster_tail":2,"minecraft:iron_boots":1,"minecraft:iron_helmet":1,"mutantmonsters:hulk_hammer":30,"minecraft:furnace":6,"tombstone:gift":5,"minecraft:potato":6,"farmersdelight:tomato_seeds":4,"minecraft:iron_leggings":1,"minecraft:wheat_seeds":16,"minecraft:water_bucket":8,"minecraft:birch_planks":9,"minecraft:glass_bottle":28,"minecraft:stone_pickaxe":227,"moguns:big_iron":110,"minecraft:wooden_pickaxe":27,"moguns:m1911":902,"minecraft:mossy_cobblestone":3,"minecraft:campfire":2,"minecraft:red_bed":1,"minecraft:crafting_table":4,"minecraft:light_gray_concrete_powder":4,"farmersdelight:rice":6,"minecraft:pumpkin_seeds":1,"minecraft:birch_fence":9,"minecraft:birch_fence_gate":1,"minecraft:iron_pickaxe":115,"tombstone:magic_scroll":3,"minecraft:stone_axe":27,"twigs:bronzed_seashell":1,"minecraft:potion":31,"travelersbackpack:standard":5,"minecraft:cobblestone":26,"minecraft:smithing_table":2,"minecraft:cooked_porkchop":7,"minecraft:andesite":6,"minecraft:bucket":9,"twigs:pebble":2,"minecraft:bone_meal":19},"minecraft:killed":{"alexsmobs:lobster":8,"minecraft:chicken":3,"minecraft:drowned":16,"betteranimalsplus:shark":1,"minecraft:pig":9,"minecraft:wandering_trader":1,"minecraft:squid":1,"minecraft:trader_llama":1,"minecraft:zombie":271,"mutantmonsters:mutant_zombie":2,"minecraft:cow":7},"minecraft:custom":{"minecraft:interact_with_smithing_table":10,"minecraft:mob_kills":325,"minecraft:animals_bred":17,"minecraft:interact_with_crafting_table":62,"minecraft:open_barrel":1,"minecraft:interact_with_campfire":12,"minecraft:leave_game":4,"minecraft:time_since_death":179996,"minecraft:climb_one_cm":9583,"minecraft:sprint_one_cm":409750,"minecraft:walk_one_cm":652047,"minecraft:drop":100,"minecraft:damage_dealt_absorbed":40,"minecraft:talked_to_villager":3,"minecraft:play_time":179996,"minecraft:sneak_time":2844,"minecraft:walk_under_water_one_cm":16780,"minecraft:jump":2739,"minecraft:walk_on_water_one_cm":12076,"minecraft:total_world_time":179996,"minecraft:interact_with_furnace":159,"minecraft:sleep_in_bed":1,"minecraft:time_since_rest":52325,"minecraft:damage_taken":1346,"minecraft:damage_dealt":1532,"minecraft:swim_one_cm":58559,"minecraft:fly_one_cm":484316,"minecraft:open_chest":214,"minecraft:crouch_one_cm":3652,"tombstone:undead_killed":289,"tombstone:villager_killed":1,"minecraft:fall_one_cm":74452}},"DataVersion":3120}