{"stats":{"minecraft:crafted":{"minecraft:light_gray_concrete_powder":16,"minecraft:black_dye":2,"minecraft:cooked_cod":2,"minecraft:oak_planks":52,"minecraft:stone_shovel":1,"alexsmobs:cooked_lobster_tail":1,"minecraft:crafting_table":2,"minecraft:wooden_pickaxe":1,"minecraft:furnace":2,"minecraft:bone_meal":42,"minecraft:bucket":1,"minecraft:birch_planks":72,"minecraft:campfire":1,"minecraft:stone_axe":2,"minecraft:air":0,"minecraft:potion":21,"minecraft:charcoal":1,"minecraft:white_dye":4,"minecraft:birch_fence_gate":1,"minecraft:birch_fence":9,"minecraft:stick":50,"minecraft:iron_ingot":19,"minecraft:stone_pickaxe":3,"minecraft:chest":2,"minecraft:light_gray_dye":6,"betteranimalsplus:calamari_cooked":1,"minecraft:stone_hoe":1,"minecraft:torch":44,"cgm:workbench":1,"minecraft:oak_fence":12},"minecraft:mined":{"minecraft:oak_fence":4,"spelunkers_charm:rock_pile":1,"minecraft:granite":23,"minecraft:grass_block":1,"minecraft:copper_ore":17,"minecraft:lapis_ore":5,"minecraft:sandstone":1,"minecraft:birch_planks":2,"minecraft:carrots":23,"minecraft:iron_ore":24,"minecraft:wheat":1,"minecraft:andesite":6,"minecraft:grass":5,"k_turrets:titanium_ore":8,"minecraft:coal_ore":62,"minecraft:light_gray_concrete":4,"minecraft:gravel":13,"minecraft:sand":23,"minecraft:dirt":1,"minecraft:stone":74},"minecraft:used":{"minecraft:wheat_seeds":3,"minecraft:oak_fence":12,"minecraft:water_bucket":5,"minecraft:birch_planks":9,"minecraft:glass_bottle":12,"minecraft:stone_shovel":17,"minecraft:stone_pickaxe":215,"minecraft:chest":2,"minecraft:wooden_pickaxe":27,"minecraft:stone_hoe":43,"minecraft:rotten_flesh":23,"moguns:m1911":318,"minecraft:torch":19,"cgm:workbench":1,"minecraft:crafting_table":2,"minecraft:carrot":60,"minecraft:campfire":1,"minecraft:light_gray_concrete_powder":4,"minecraft:granite":8,"minecraft:birch_fence":9,"minecraft:birch_fence_gate":1,"alexsmobs:cooked_lobster_tail":1,"minecraft:stone_axe":22,"mutantmonsters:hulk_hammer":2,"twigs:bronzed_seashell":1,"minecraft:cobblestone":12,"minecraft:potion":13,"minecraft:furnace":2,"minecraft:bucket":6,"minecraft:andesite":6,"tombstone:gift":3,"minecraft:bone_meal":18},"minecraft:custom":{"minecraft:interact_with_furnace":50,"minecraft:mob_kills":84,"minecraft:animals_bred":3,"minecraft:interact_with_crafting_table":31,"minecraft:interact_with_campfire":4,"minecraft:time_since_death":76767,"minecraft:climb_one_cm":3042,"minecraft:time_since_rest":76767,"minecraft:sprint_one_cm":177987,"minecraft:damage_taken":365,"minecraft:walk_one_cm":250902,"minecraft:drop":29,"minecraft:damage_dealt":639,"minecraft:talked_to_villager":3,"minecraft:swim_one_cm":49758,"minecraft:fly_one_cm":240538,"minecraft:open_chest":85,"minecraft:crouch_one_cm":2668,"minecraft:play_time":76767,"tombstone:undead_killed":74,"minecraft:sneak_time":2209,"minecraft:walk_under_water_one_cm":13644,"tombstone:villager_killed":1,"minecraft:jump":1167,"minecraft:walk_on_water_one_cm":6977,"minecraft:total_world_time":76767,"minecraft:fall_one_cm":37278},"minecraft:broken":{"minecraft:stone_pickaxe":1},"minecraft:picked_up":{"minecraft:birch_log":30,"minecraft:wheat":1,"betteranimalsplus:calamari_raw":1,"minecraft:leather":3,"minecraft:prismarine_shard":2,"minecraft:andesite":6,"minecraft:lead":2,"moguns:45acp":1,"minecraft:birch_planks":2,"minecraft:flint":2,"minecraft:gunpowder":21,"minecraft:lapis_lazuli":31,"minecraft:dirt":2,"minecraft:string":7,"minecraft:raw_copper":71,"minecraft:bone":28,"minecraft:wheat_seeds":3,"twigs:pebble":6,"minecraft:iron_ingot":6,"dynamictrees:birch_seed":14,"twigs:twig":41,"alexsmobs:cooked_lobster_tail":4,"minecraft:phantom_membrane":2,"minecraft:stick":15,"minecraft:raw_iron":24,"minecraft:sandstone":1,"minecraft:oak_fence":4,"minecraft:gravel":11,"minecraft:sand":23,"minecraft:ink_sac":3,"tombstone:grave_dust":8,"minecraft:carrot":91,"minecraft:spider_eye":4,"moguns:m1911":1,"mutantmonsters:hulk_hammer":1,"minecraft:light_gray_concrete":4,"minecraft:rotten_flesh":113,"minecraft:slime_ball":2,"minecraft:stone_axe":1,"k_turrets:raw_titanium":8,"minecraft:granite":23,"tombstone:essence_of_undeath":1,"tombstone:magic_scroll":3,"spelunkers_charm:rock":3,"minecraft:coal":59,"minecraft:cod":2,"alexsmobs:lobster_tail":5,"minecraft:cobblestone":71,"minecraft:ender_pearl":3},"minecraft:dropped":{"minecraft:iron_ingot":17,"minecraft:stone_axe":2,"moguns:45acp":192,"minecraft:wheat_seeds":1,"minecraft:lead":1,"minecraft:rotten_flesh":1,"minecraft:carrot":18,"moguns:m1911":1,"minecraft:cooked_cod":2,"minecraft:stone_pickaxe":1,"betteranimalsplus:calamari_cooked":1,"minecraft:birch_log":12},"minecraft:killed":{"betteranimalsplus:shark":1,"alexsmobs:lobster":8,"minecraft:wandering_trader":1,"minecraft:squid":1,"minecraft:trader_llama":1,"minecraft:zombie":73,"mutantmonsters:mutant_zombie":1}},"DataVersion":3120}