{"stats":{"minecraft:custom":{"minecraft:jump":55,"minecraft:time_since_rest":5044,"minecraft:crouch_one_cm":19,"tombstone:undead_killed":13,"minecraft:sprint_one_cm":21149,"minecraft:play_time":5044,"minecraft:walk_on_water_one_cm":480,"minecraft:time_since_death":5044,"minecraft:walk_one_cm":20079,"minecraft:sneak_time":89,"minecraft:total_world_time":5044,"minecraft:walk_under_water_one_cm":124,"minecraft:mob_kills":13,"minecraft:swim_one_cm":2855,"minecraft:fall_one_cm":2141,"minecraft:fly_one_cm":50867},"minecraft:picked_up":{"tombstone:magic_scroll":1,"minecraft:bone":1,"minecraft:gunpowder":1,"minecraft:rotten_flesh":13,"minecraft:string":1},"minecraft:killed":{"minecraft:zombie":13},"minecraft:used":{"additionalguns:ace_of_spades":16}},"DataVersion":3120}