{"stats":{"minecraft:crafted":{"minecraft:black_dye":2,"minecraft:light_gray_concrete_powder":16,"minecraft:oak_planks":52,"minecraft:stone_shovel":1,"minecraft:furnace":5,"minecraft:bone_meal":42,"minecraft:birch_fence_gate":1,"minecraft:stone_pickaxe":3,"minecraft:chest":3,"betteranimalsplus:calamari_cooked":1,"minecraft:stone_hoe":1,"cgm:workbench":1,"minecraft:oak_fence":12,"minecraft:cooked_cod":2,"alexsmobs:cooked_lobster_tail":1,"minecraft:crafting_table":4,"minecraft:wooden_pickaxe":1,"minecraft:bucket":1,"minecraft:birch_planks":72,"minecraft:campfire":1,"minecraft:stone_axe":2,"minecraft:air":0,"minecraft:potion":28,"minecraft:charcoal":1,"minecraft:white_dye":4,"minecraft:birch_fence":9,"minecraft:stick":50,"minecraft:iron_ingot":56,"minecraft:iron_pickaxe":1,"minecraft:light_gray_dye":6,"minecraft:torch":44},"minecraft:mined":{"minecraft:mossy_cobblestone":2,"minecraft:granite":23,"minecraft:grass_block":1,"minecraft:spruce_leaves":1,"minecraft:sandstone":1,"minecraft:carrots":28,"minecraft:iron_ore":82,"minecraft:andesite":6,"minecraft:light_gray_concrete":4,"minecraft:stone":99,"minecraft:oak_fence":4,"minecraft:torch":9,"spelunkers_charm:rock_pile":1,"minecraft:chest":1,"minecraft:copper_ore":17,"minecraft:lapis_ore":5,"minecraft:diorite":2,"minecraft:birch_planks":2,"minecraft:wheat":1,"k_turrets:titanium_ore":21,"minecraft:grass":5,"minecraft:coal_ore":74,"minecraft:oak_log":2,"minecraft:gravel":31,"minecraft:sand":23,"minecraft:dirt":1,"minecraft:cobweb":51,"minecraft:gold_ore":9},"minecraft:used":{"minecraft:oak_fence":12,"minecraft:stone_sword":52,"minecraft:stone_shovel":26,"minecraft:chest":4,"minecraft:stone_hoe":43,"minecraft:rotten_flesh":23,"minecraft:iron_chestplate":1,"minecraft:torch":50,"cgm:workbench":1,"minecraft:carrot":75,"minecraft:granite":8,"alexsmobs:cooked_lobster_tail":1,"minecraft:iron_helmet":1,"minecraft:iron_boots":1,"mutantmonsters:hulk_hammer":2,"minecraft:furnace":5,"tombstone:gift":3,"minecraft:iron_leggings":1,"minecraft:wheat_seeds":3,"minecraft:water_bucket":6,"minecraft:birch_planks":9,"minecraft:glass_bottle":15,"minecraft:stone_pickaxe":227,"minecraft:wooden_pickaxe":27,"moguns:m1911":402,"minecraft:mossy_cobblestone":3,"minecraft:crafting_table":4,"minecraft:campfire":1,"minecraft:light_gray_concrete_powder":4,"minecraft:birch_fence":9,"minecraft:birch_fence_gate":1,"minecraft:iron_pickaxe":112,"tombstone:magic_scroll":3,"minecraft:stone_axe":25,"twigs:bronzed_seashell":1,"minecraft:cobblestone":13,"minecraft:potion":16,"minecraft:andesite":6,"minecraft:bucket":6,"twigs:pebble":2,"minecraft:bone_meal":18},"minecraft:custom":{"minecraft:mob_kills":107,"minecraft:animals_bred":5,"minecraft:interact_with_crafting_table":46,"minecraft:interact_with_campfire":4,"minecraft:leave_game":1,"minecraft:time_since_death":103244,"minecraft:climb_one_cm":6802,"minecraft:sprint_one_cm":222157,"minecraft:walk_one_cm":330237,"minecraft:drop":45,"minecraft:talked_to_villager":3,"minecraft:play_time":103244,"minecraft:sneak_time":2477,"minecraft:walk_under_water_one_cm":13644,"minecraft:jump":1505,"minecraft:walk_on_water_one_cm":7754,"minecraft:total_world_time":103244,"minecraft:interact_with_furnace":89,"minecraft:time_since_rest":103244,"minecraft:damage_taken":560,"minecraft:damage_dealt":692,"minecraft:swim_one_cm":49758,"minecraft:fly_one_cm":280430,"minecraft:open_chest":106,"minecraft:crouch_one_cm":3524,"tombstone:undead_killed":96,"tombstone:villager_killed":1,"minecraft:fall_one_cm":43753},"minecraft:broken":{"minecraft:stone_pickaxe":1},"minecraft:dropped":{"minecraft:iron_ingot":17,"moguns:45acp":384,"minecraft:wheat_seeds":1,"minecraft:lead":1,"minecraft:rail":5,"moguns:m1911":1,"minecraft:cooked_cod":2,"minecraft:potion":3,"minecraft:phantom_membrane":2,"minecraft:string":53,"minecraft:birch_log":12,"minecraft:redstone":5,"minecraft:bone":2,"minecraft:stone_axe":2,"spelunkers_charm:candle_on_helmet":1,"minecraft:stone_sword":1,"minecraft:rotten_flesh":1,"minecraft:carrot":18,"minecraft:gunpowder":2,"farmersdelight:rope":2,"minecraft:stone_pickaxe":2,"betteranimalsplus:calamari_cooked":1},"minecraft:picked_up":{"minecraft:iron_chestplate":1,"betteranimalsplus:calamari_raw":1,"minecraft:wheat":1,"minecraft:prismarine_shard":2,"moguns:45acp":65,"minecraft:lead":2,"minecraft:string":61,"minecraft:raw_copper":71,"minecraft:iron_leggings":1,"twigs:pebble":12,"minecraft:iron_nugget":1,"minecraft:chest":1,"alexsmobs:cooked_lobster_tail":4,"minecraft:phantom_membrane":6,"minecraft:iron_boots":1,"minecraft:stick":21,"minecraft:raw_iron":81,"minecraft:sandstone":1,"minecraft:oak_fence":4,"minecraft:torch":9,"tombstone:grave_dust":8,"minecraft:diorite":2,"minecraft:redstone":10,"minecraft:carrot":108,"mutantmonsters:hulk_hammer":1,"minecraft:stone_sword":2,"minecraft:rotten_flesh":176,"k_turrets:raw_titanium":28,"farmersdelight:rope":2,"tombstone:essence_of_undeath":1,"minecraft:rail":10,"minecraft:cod":2,"alexsmobs:lobster_tail":5,"minecraft:cobblestone":95,"minecraft:birch_log":30,"farmersdelight:rice":4,"minecraft:andesite":6,"minecraft:leather":3,"minecraft:birch_planks":2,"minecraft:flint":3,"minecraft:gunpowder":27,"farmersdelight:skillet":1,"minecraft:lapis_lazuli":31,"minecraft:dirt":2,"minecraft:bone":33,"minecraft:wheat_seeds":3,"minecraft:raw_gold":9,"minecraft:stone_pickaxe":1,"minecraft:iron_ingot":6,"dynamictrees:birch_seed":22,"twigs:twig":41,"minecraft:gravel":57,"minecraft:sand":23,"minecraft:ink_sac":3,"spelunkers_charm:candle_on_helmet":1,"minecraft:mossy_cobblestone":3,"minecraft:spider_eye":5,"moguns:m1911":1,"minecraft:bundle":2,"minecraft:light_gray_concrete":4,"minecraft:slime_ball":3,"minecraft:stone_axe":1,"minecraft:iron_helmet":1,"minecraft:granite":23,"tombstone:magic_scroll":6,"spelunkers_charm:rock":3,"minecraft:coal":71,"minecraft:ender_pearl":4},"minecraft:killed":{"alexsmobs:lobster":8,"betteranimalsplus:shark":1,"minecraft:wandering_trader":1,"minecraft:squid":1,"minecraft:trader_llama":1,"minecraft:zombie":95,"mutantmonsters:mutant_zombie":1}},"DataVersion":3120}