{"stats":{"minecraft:crafted":{"minecraft:light_gray_concrete_powder":16,"minecraft:black_dye":2,"minecraft:oak_planks":52,"minecraft:stone_shovel":1,"minecraft:iron_nugget":81,"minecraft:furnace":5,"minecraft:bone_meal":42,"minecraft:birch_fence_gate":1,"minecraft:stone_pickaxe":3,"minecraft:chest":3,"betteranimalsplus:calamari_cooked":1,"minecraft:stone_hoe":1,"cgm:workbench":1,"minecraft:oak_fence":12,"minecraft:red_dye":2,"minecraft:cooked_cod":2,"alexsmobs:cooked_lobster_tail":1,"minecraft:crafting_table":4,"minecraft:wooden_pickaxe":1,"minecraft:red_bed":1,"minecraft:smithing_table":1,"minecraft:copper_ingot":71,"minecraft:bucket":1,"minecraft:birch_planks":80,"minecraft:campfire":2,"minecraft:stone_axe":2,"minecraft:air":0,"minecraft:potion":35,"minecraft:charcoal":2,"minecraft:white_dye":4,"minecraft:birch_fence":9,"minecraft:stick":50,"minecraft:iron_ingot":58,"minecraft:iron_pickaxe":1,"minecraft:light_gray_dye":6,"minecraft:white_bed":2,"minecraft:torch":44},"minecraft:mined":{"minecraft:mossy_cobblestone":2,"minecraft:granite":23,"minecraft:grass_block":7,"minecraft:spruce_leaves":1,"minecraft:sandstone":1,"cgm:workbench":1,"minecraft:carrots":51,"minecraft:iron_ore":82,"minecraft:andesite":6,"minecraft:light_gray_concrete":4,"minecraft:stone":99,"minecraft:smithing_table":1,"minecraft:oak_fence":4,"minecraft:torch":9,"spelunkers_charm:rock_pile":1,"minecraft:chest":1,"minecraft:rose_bush":10,"minecraft:copper_ore":17,"minecraft:lapis_ore":5,"minecraft:diorite":2,"minecraft:birch_planks":2,"minecraft:wheat":1,"k_turrets:titanium_ore":21,"minecraft:grass":28,"minecraft:oak_log":2,"minecraft:coal_ore":74,"minecraft:gravel":31,"minecraft:sand":23,"minecraft:dirt":1,"minecraft:cobweb":51,"minecraft:gold_ore":9},"minecraft:used":{"minecraft:oak_fence":12,"minecraft:stone_sword":52,"minecraft:stone_shovel":32,"farmersdelight:cabbage_seeds":4,"minecraft:chest":4,"minecraft:stone_hoe":106,"minecraft:rotten_flesh":23,"minecraft:iron_chestplate":1,"minecraft:torch":57,"minecraft:dirt":6,"cgm:workbench":1,"minecraft:carrot":123,"minecraft:granite":8,"alexsmobs:cooked_lobster_tail":2,"minecraft:iron_helmet":1,"minecraft:iron_boots":1,"mutantmonsters:hulk_hammer":27,"minecraft:furnace":5,"tombstone:gift":5,"minecraft:potato":6,"farmersdelight:tomato_seeds":3,"minecraft:iron_leggings":1,"minecraft:wheat_seeds":3,"minecraft:water_bucket":8,"minecraft:birch_planks":9,"minecraft:glass_bottle":22,"minecraft:stone_pickaxe":227,"moguns:big_iron":10,"minecraft:wooden_pickaxe":27,"moguns:m1911":722,"minecraft:mossy_cobblestone":3,"minecraft:red_bed":1,"minecraft:crafting_table":4,"farmersdelight:rice":6,"minecraft:campfire":2,"minecraft:light_gray_concrete_powder":4,"minecraft:pumpkin_seeds":1,"minecraft:birch_fence":9,"minecraft:birch_fence_gate":1,"minecraft:iron_pickaxe":113,"tombstone:magic_scroll":3,"minecraft:stone_axe":26,"twigs:bronzed_seashell":1,"minecraft:cobblestone":26,"minecraft:potion":23,"minecraft:smithing_table":2,"minecraft:andesite":6,"minecraft:bucket":9,"twigs:pebble":2,"minecraft:bone_meal":18},"minecraft:custom":{"minecraft:interact_with_smithing_table":4,"minecraft:mob_kills":201,"minecraft:animals_bred":17,"minecraft:interact_with_crafting_table":56,"minecraft:interact_with_campfire":12,"minecraft:leave_game":1,"minecraft:time_since_death":139242,"minecraft:climb_one_cm":9583,"minecraft:sprint_one_cm":299817,"minecraft:walk_one_cm":471360,"minecraft:drop":58,"minecraft:talked_to_villager":3,"minecraft:play_time":139242,"minecraft:sneak_time":2635,"minecraft:walk_under_water_one_cm":15316,"minecraft:jump":2077,"minecraft:walk_on_water_one_cm":11874,"minecraft:total_world_time":139242,"minecraft:interact_with_furnace":134,"minecraft:sleep_in_bed":1,"minecraft:time_since_rest":11571,"minecraft:damage_taken":885,"minecraft:damage_dealt":1280,"minecraft:swim_one_cm":53420,"minecraft:fly_one_cm":377879,"minecraft:open_chest":177,"minecraft:crouch_one_cm":3524,"tombstone:undead_killed":177,"tombstone:villager_killed":1,"minecraft:fall_one_cm":58495},"minecraft:broken":{"minecraft:stone_pickaxe":1},"minecraft:picked_up":{"minecraft:iron_chestplate":1,"betteranimalsplus:calamari_raw":1,"minecraft:wheat":1,"cgm:basic_bullet":384,"minecraft:prismarine_shard":2,"minecraft:smithing_table":1,"moguns:45acp":245,"minecraft:lead":2,"minecraft:string":66,"minecraft:raw_copper":71,"minecraft:iron_leggings":1,"twigs:pebble":12,"minecraft:rose_bush":10,"minecraft:iron_nugget":1,"alexsmobs:cooked_lobster_tail":5,"minecraft:chest":1,"minecraft:phantom_membrane":6,"minecraft:iron_boots":1,"minecraft:stick":21,"minecraft:raw_iron":81,"minecraft:sandstone":1,"minecraft:oak_fence":4,"minecraft:torch":9,"travelersbackpack:iron_tier_upgrade":1,"minecraft:porkchop":20,"tombstone:grave_dust":21,"minecraft:diorite":2,"minecraft:carrot":189,"minecraft:redstone":10,"mutantmonsters:hulk_hammer":1,"minecraft:stone_sword":2,"minecraft:rotten_flesh":284,"k_turrets:raw_titanium":28,"farmersdelight:rope":2,"tombstone:essence_of_undeath":1,"minecraft:white_wool":19,"minecraft:rail":10,"minecraft:cod":2,"alexsmobs:lobster_tail":5,"minecraft:cobblestone":95,"minecraft:birch_log":32,"farmersdelight:rice":4,"minecraft:andesite":6,"minecraft:leather":3,"minecraft:birch_planks":2,"minecraft:flint":3,"minecraft:gunpowder":40,"farmersdelight:skillet":1,"minecraft:lapis_lazuli":89,"minecraft:dirt":8,"tombstone:gift":1,"minecraft:bone":42,"minecraft:wheat_seeds":5,"minecraft:raw_gold":9,"dynamictrees:birch_seed":22,"minecraft:iron_ingot":6,"minecraft:stone_pickaxe":1,"moguns:big_iron":2,"twigs:twig":41,"minecraft:gravel":57,"minecraft:sand":23,"minecraft:ink_sac":3,"spelunkers_charm:candle_on_helmet":1,"moguns:m1911":1,"minecraft:spider_eye":8,"minecraft:mossy_cobblestone":3,"minecraft:bundle":5,"travelersbackpack:standard":1,"minecraft:light_gray_concrete":4,"minecraft:slime_ball":3,"minecraft:stone_axe":1,"minecraft:iron_helmet":1,"minecraft:granite":24,"tombstone:magic_scroll":9,"spelunkers_charm:rock":3,"cgm:workbench":1,"minecraft:coal":71,"minecraft:ender_pearl":4},"minecraft:dropped":{"minecraft:water_bucket":1,"minecraft:iron_ingot":19,"minecraft:porkchop":12,"moguns:45acp":448,"minecraft:wheat_seeds":1,"minecraft:lead":1,"travelersbackpack:iron_tier_upgrade":1,"travelersbackpack:standard":1,"minecraft:rail":5,"moguns:m1911":1,"minecraft:cooked_cod":2,"moguns:big_iron":1,"minecraft:potion":3,"minecraft:phantom_membrane":2,"minecraft:string":68,"minecraft:birch_log":12,"minecraft:redstone":5,"minecraft:bone":2,"minecraft:stone_axe":2,"spelunkers_charm:candle_on_helmet":1,"minecraft:stone_sword":1,"minecraft:rotten_flesh":1,"minecraft:white_bed":1,"minecraft:carrot":35,"cgm:basic_bullet":128,"minecraft:gunpowder":2,"farmersdelight:rope":2,"minecraft:stone_pickaxe":2,"betteranimalsplus:calamari_cooked":1},"minecraft:killed":{"alexsmobs:lobster":8,"minecraft:drowned":11,"betteranimalsplus:shark":1,"minecraft:pig":9,"minecraft:wandering_trader":1,"minecraft:squid":1,"minecraft:trader_llama":1,"minecraft:zombie":165,"mutantmonsters:mutant_zombie":1}},"DataVersion":3120}