{"stats":{"minecraft:crafted":{"minecraft:cooked_cod":2,"minecraft:oak_planks":40,"minecraft:crafting_table":2,"minecraft:wooden_pickaxe":1,"minecraft:furnace":2,"minecraft:birch_planks":12,"minecraft:stone_axe":2,"minecraft:air":0,"minecraft:potion":2,"minecraft:stick":18,"minecraft:stone_pickaxe":3,"minecraft:chest":1,"minecraft:torch":16},"minecraft:mined":{"spelunkers_charm:rock_pile":1,"minecraft:granite":23,"minecraft:copper_ore":17,"minecraft:lapis_ore":5,"minecraft:sandstone":1,"minecraft:iron_ore":19,"minecraft:andesite":6,"k_turrets:titanium_ore":8,"minecraft:coal_ore":48,"minecraft:sand":18,"minecraft:dirt":1,"minecraft:stone":74},"minecraft:used":{"minecraft:glass_bottle":5,"minecraft:stone_pickaxe":192,"minecraft:chest":1,"minecraft:wooden_pickaxe":27,"minecraft:rotten_flesh":20,"moguns:m1911":231,"minecraft:torch":15,"minecraft:crafting_table":2,"minecraft:granite":8,"minecraft:stone_axe":5,"twigs:bronzed_seashell":1,"minecraft:cobblestone":12,"minecraft:potion":9,"minecraft:furnace":2,"minecraft:andesite":6,"tombstone:gift":3},"minecraft:custom":{"minecraft:interact_with_furnace":18,"minecraft:mob_kills":55,"minecraft:interact_with_crafting_table":14,"minecraft:time_since_death":40767,"minecraft:time_since_rest":40767,"minecraft:sprint_one_cm":109799,"minecraft:damage_taken":225,"minecraft:walk_one_cm":140984,"minecraft:drop":8,"minecraft:damage_dealt":244,"minecraft:swim_one_cm":9190,"minecraft:fly_one_cm":143665,"minecraft:open_chest":32,"minecraft:crouch_one_cm":1947,"minecraft:play_time":40767,"tombstone:undead_killed":55,"minecraft:sneak_time":857,"minecraft:walk_under_water_one_cm":3253,"minecraft:jump":672,"minecraft:walk_on_water_one_cm":1106,"minecraft:total_world_time":40767,"minecraft:fall_one_cm":21179},"minecraft:broken":{"minecraft:stone_pickaxe":1},"minecraft:dropped":{"minecraft:stone_axe":1,"moguns:45acp":192,"minecraft:rotten_flesh":1,"minecraft:cooked_cod":2,"minecraft:stone_pickaxe":1},"minecraft:picked_up":{"minecraft:birch_log":12,"minecraft:prismarine_shard":2,"minecraft:andesite":6,"minecraft:gunpowder":17,"minecraft:lapis_lazuli":31,"minecraft:dirt":1,"minecraft:string":3,"minecraft:raw_copper":71,"minecraft:bone":21,"dynamictrees:birch_seed":11,"twigs:twig":30,"minecraft:phantom_membrane":2,"minecraft:stick":7,"minecraft:raw_iron":19,"minecraft:sandstone":1,"minecraft:sand":18,"tombstone:grave_dust":8,"minecraft:spider_eye":3,"minecraft:rotten_flesh":83,"minecraft:slime_ball":2,"k_turrets:raw_titanium":8,"minecraft:granite":23,"tombstone:essence_of_undeath":1,"tombstone:magic_scroll":2,"spelunkers_charm:rock":3,"minecraft:coal":45,"minecraft:cod":2,"minecraft:cobblestone":71,"minecraft:ender_pearl":3},"minecraft:killed":{"betteranimalsplus:shark":1,"minecraft:zombie":55}},"DataVersion":3120}