{"stats":{"minecraft:crafted":{"minecraft:cooked_cod":2,"minecraft:oak_planks":40,"minecraft:potion":2,"minecraft:crafting_table":1,"minecraft:stick":18,"minecraft:wooden_pickaxe":1,"minecraft:stone_pickaxe":2,"minecraft:chest":1,"minecraft:furnace":2,"minecraft:torch":12,"minecraft:birch_planks":12,"minecraft:stone_axe":2,"minecraft:air":0},"minecraft:mined":{"minecraft:iron_ore":1,"spelunkers_charm:rock_pile":1,"minecraft:granite":19,"minecraft:coal_ore":10,"minecraft:sand":18,"minecraft:dirt":1,"minecraft:copper_ore":16,"minecraft:lapis_ore":5,"minecraft:stone":61,"minecraft:sandstone":1},"minecraft:used":{"minecraft:glass_bottle":3,"minecraft:stone_pickaxe":104,"minecraft:chest":1,"minecraft:wooden_pickaxe":27,"minecraft:rotten_flesh":17,"moguns:m1911":221,"minecraft:stone_axe":2,"twigs:bronzed_seashell":1,"minecraft:torch":11,"minecraft:cobblestone":12,"minecraft:potion":7,"minecraft:crafting_table":1,"minecraft:furnace":2,"tombstone:gift":3,"minecraft:granite":4},"minecraft:custom":{"minecraft:time_since_rest":28767,"minecraft:interact_with_furnace":15,"minecraft:sprint_one_cm":88209,"minecraft:walk_one_cm":112633,"minecraft:damage_taken":175,"minecraft:mob_kills":52,"minecraft:drop":7,"minecraft:swim_one_cm":1980,"minecraft:interact_with_crafting_table":9,"minecraft:fly_one_cm":109647,"minecraft:open_chest":32,"minecraft:crouch_one_cm":1117,"minecraft:play_time":28767,"tombstone:undead_killed":52,"minecraft:sneak_time":553,"minecraft:walk_under_water_one_cm":37,"minecraft:jump":477,"minecraft:walk_on_water_one_cm":499,"minecraft:time_since_death":28767,"minecraft:total_world_time":28767,"minecraft:fall_one_cm":15473},"minecraft:dropped":{"minecraft:stone_axe":1,"moguns:45acp":192,"minecraft:cooked_cod":2,"minecraft:rotten_flesh":1},"minecraft:picked_up":{"minecraft:birch_log":12,"minecraft:stick":7,"minecraft:raw_iron":1,"minecraft:sandstone":1,"minecraft:prismarine_shard":2,"minecraft:sand":18,"tombstone:grave_dust":7,"minecraft:gunpowder":17,"minecraft:spider_eye":2,"minecraft:string":3,"minecraft:lapis_lazuli":31,"minecraft:dirt":1,"minecraft:raw_copper":67,"minecraft:bone":21,"minecraft:rotten_flesh":79,"minecraft:slime_ball":2,"minecraft:granite":19,"dynamictrees:birch_seed":11,"tombstone:essence_of_undeath":1,"tombstone:magic_scroll":1,"twigs:twig":30,"spelunkers_charm:rock":3,"minecraft:cod":2,"minecraft:coal":10,"minecraft:phantom_membrane":2,"minecraft:cobblestone":60,"minecraft:ender_pearl":2},"minecraft:killed":{"betteranimalsplus:shark":1,"minecraft:zombie":52}},"DataVersion":3120}