{"stats":{"minecraft:crafted":{"alexsmobs:cooked_lobster_tail":1,"minecraft:crafting_table":1,"minecraft:iron_helmet":2,"minecraft:furnace":1,"minecraft:copper_ingot":5,"minecraft:bone_meal":45,"minecraft:birch_planks":184,"minecraft:air":0,"minecraft:iron_boots":2,"minecraft:iron_chestplate":2,"minecraft:stick":72,"minecraft:iron_ingot":40,"minecraft:stone_pickaxe":1,"minecraft:iron_pickaxe":1,"minecraft:stone_sword":1,"minecraft:chest":2,"minecraft:iron_leggings":2,"minecraft:torch":12},"minecraft:killed_by":{"minecraft:zombie":1},"minecraft:mined":{"minecraft:large_amethyst_bud":2,"twigs:pebble":6,"minecraft:medium_amethyst_bud":2,"minecraft:amethyst_cluster":3,"minecraft:budding_amethyst":4,"spelunkers_charm:rock_pile":5,"minecraft:granite":4,"minecraft:grass_block":4,"minecraft:calcite":8,"twigs:roseate_seashell":1,"twigs:twig":1,"spelunkers_charm:rock_pile_2":7,"minecraft:copper_ore":1,"minecraft:amethyst_block":8,"minecraft:large_fern":1,"minecraft:birch_planks":4,"spelunkers_charm:rock_pile_3":1,"minecraft:furnace":1,"minecraft:iron_ore":27,"twigs:tangerine_seashell":3,"minecraft:wheat":3,"minecraft:andesite":3,"twigs:bronzed_seashell":1,"minecraft:grass":2,"k_turrets:titanium_ore":7,"minecraft:coal_ore":46,"minecraft:small_amethyst_bud":3,"minecraft:dirt":1,"minecraft:smooth_basalt":8,"minecraft:stone":62,"twigs:opaline_seashell":1},"minecraft:used":{"minecraft:wheat_seeds":8,"minecraft:stone_sword":16,"minecraft:birch_planks":146,"minecraft:glass_bottle":11,"minecraft:stone_pickaxe":196,"minecraft:chest":2,"minecraft:rotten_flesh":16,"moguns:m1911":441,"minecraft:torch":6,"minecraft:dirt":5,"minecraft:carrot":6,"minecraft:crafting_table":1,"minecraft:granite":3,"alexsmobs:cooked_lobster_tail":1,"twigs:bronzed_seashell":5,"minecraft:stone_axe":39,"minecraft:cobblestone":19,"minecraft:potion":14,"minecraft:furnace":1,"minecraft:cooked_cod":2,"tombstone:gift":4,"minecraft:bone_meal":45},"minecraft:custom":{"minecraft:interact_with_furnace":32,"minecraft:mob_kills":91,"minecraft:interact_with_crafting_table":19,"minecraft:leave_game":4,"minecraft:time_since_death":89226,"minecraft:climb_one_cm":3740,"minecraft:time_since_rest":86827,"minecraft:sprint_one_cm":78886,"minecraft:damage_taken":921,"minecraft:walk_one_cm":384050,"minecraft:drop":37,"minecraft:damage_dealt":1226,"minecraft:damage_dealt_absorbed":80,"minecraft:swim_one_cm":3734,"minecraft:fly_one_cm":42658,"minecraft:talked_to_villager":1,"minecraft:open_chest":21,"minecraft:crouch_one_cm":14056,"minecraft:play_time":90187,"tombstone:undead_killed":85,"minecraft:deaths":1,"minecraft:sneak_time":4841,"minecraft:walk_under_water_one_cm":4670,"minecraft:jump":716,"minecraft:walk_on_water_one_cm":5442,"minecraft:total_world_time":90187,"minecraft:fall_one_cm":9627},"minecraft:broken":{"minecraft:stone_pickaxe":1},"minecraft:dropped":{"minecraft:enchanted_book":1,"minecraft:iron_ingot":6,"minecraft:stone_axe":1,"moguns:45acp":2,"minecraft:iron_nugget":1,"minecraft:stone_sword":1,"dynamictrees:birch_seed":8,"minecraft:iron_helmet":1,"minecraft:rotten_flesh":50,"minecraft:iron_boots":1,"minecraft:amethyst_block":16,"minecraft:rail":5,"minecraft:stick":14,"twigs:tangerine_seashell":1,"moguns:m1911":1,"tombstone:magic_scroll":2,"minecraft:bundle":3,"minecraft:phantom_membrane":1,"minecraft:iron_chestplate":1,"minecraft:spider_eye":2,"spelunkers_charm:rock":28,"k_turrets:raw_titanium":7,"minecraft:iron_leggings":1,"minecraft:stone_pickaxe":1,"minecraft:string":2,"minecraft:redstone":5,"minecraft:bone":4},"minecraft:picked_up":{"minecraft:birch_log":46,"minecraft:wheat":3,"minecraft:andesite":3,"moguns:45acp":321,"twigs:roseate_seashell":1,"minecraft:lead":1,"minecraft:birch_planks":3,"minecraft:potion":4,"minecraft:enchanted_book":1,"minecraft:gunpowder":34,"minecraft:amethyst_block":24,"minecraft:dirt":5,"minecraft:string":2,"minecraft:raw_copper":5,"minecraft:name_tag":1,"twigs:opaline_seashell":1,"minecraft:bone":24,"minecraft:wheat_seeds":9,"twigs:pebble":6,"minecraft:iron_ingot":18,"dynamictrees:birch_seed":28,"minecraft:stone_pickaxe":2,"minecraft:calcite":8,"minecraft:iron_nugget":1,"twigs:twig":61,"farmersdelight:cabbage_seeds":3,"minecraft:phantom_membrane":1,"minecraft:furnace":1,"minecraft:stick":50,"minecraft:raw_iron":27,"minecraft:smooth_basalt":8,"minecraft:torch":11,"minecraft:redstone":5,"travelersbackpack:iron_tier_upgrade":1,"twigs:bronzed_seashell":1,"minecraft:amethyst_shard":12,"minecraft:pumpkin_seeds":2,"minecraft:spider_eye":2,"tombstone:grave_dust":13,"spelunkers_charm:candle_on_helmet":1,"minecraft:carrot":16,"moguns:m1911":1,"minecraft:bundle":3,"minecraft:rotten_flesh":123,"minecraft:slime_ball":1,"minecraft:cooked_cod":2,"minecraft:stone_axe":2,"k_turrets:raw_titanium":7,"minecraft:granite":3,"farmersdelight:rope":2,"betteranimalsplus:calamari_cooked":1,"tombstone:magic_scroll":3,"minecraft:rail":5,"spelunkers_charm:rock":58,"twigs:tangerine_seashell":4,"minecraft:coal":46,"alexsmobs:lobster_tail":1,"minecraft:cobblestone":63,"minecraft:ender_pearl":1},"minecraft:killed":{"alexsmobs:lobster":1,"alexsmobs:raccoon":2,"alexsmobs:tasmanian_devil":1,"minecraft:trader_llama":1,"minecraft:zombie":82,"minecraft:drowned":3}},"DataVersion":3120}