{"stats":{"minecraft:mined":{"minecraft:large_amethyst_bud":2,"minecraft:mossy_cobblestone":2,"minecraft:granite":5,"minecraft:budding_amethyst":4,"minecraft:grass_block":5,"twigs:twig":1,"minecraft:large_fern":1,"minecraft:hay_block":2,"minecraft:furnace":1,"minecraft:carrots":24,"minecraft:iron_ore":27,"minecraft:andesite":3,"twigs:bronzed_seashell":1,"dynamictrees:spruce_leaves":1,"minecraft:potatoes":6,"minecraft:small_amethyst_bud":3,"minecraft:stone":63,"twigs:opaline_seashell":1,"twigs:pebble":6,"minecraft:medium_amethyst_bud":2,"minecraft:amethyst_cluster":3,"travelersbackpack:standard":1,"spelunkers_charm:rock_pile":5,"minecraft:calcite":8,"twigs:roseate_seashell":1,"spelunkers_charm:rock_pile_2":7,"farmersdelight:cabbages":3,"minecraft:copper_ore":1,"minecraft:cobblestone":2,"minecraft:amethyst_block":8,"minecraft:birch_planks":7,"spelunkers_charm:rock_pile_3":1,"minecraft:wheat":19,"twigs:tangerine_seashell":3,"k_turrets:titanium_ore":7,"minecraft:grass":2,"minecraft:coal_ore":46,"minecraft:sand":52,"minecraft:dirt":1,"minecraft:smooth_basalt":8},"minecraft:dropped":{"minecraft:enchanted_book":1,"minecraft:iron_ingot":6,"moguns:45acp":2,"minecraft:birch_planks":1,"minecraft:lapis_lazuli":58,"dynamictrees:birch_seed":8,"minecraft:mossy_cobblestone":1,"minecraft:cooked_porkchop":4,"minecraft:iron_helmet":1,"minecraft:amethyst_block":16,"minecraft:granite":1,"travelersbackpack:iron_tier_upgrade":2,"travelersbackpack:standard":2,"minecraft:rail":5,"minecraft:stick":14,"moguns:m1911":1,"tombstone:magic_scroll":3,"alexsmobs:cooked_lobster_tail":1,"moguns:big_iron":1,"minecraft:iron_leggings":1,"minecraft:phantom_membrane":1,"minecraft:string":57,"minecraft:white_wool":19,"minecraft:redstone":5,"minecraft:smooth_basalt":8,"minecraft:bone":4,"minecraft:stone_axe":1,"minecraft:iron_nugget":1,"minecraft:stone_sword":1,"minecraft:rotten_flesh":50,"minecraft:iron_boots":1,"twigs:tangerine_seashell":1,"travelersbackpack:gold_tier_upgrade":1,"travelersbackpack:white_sleeping_bag":1,"minecraft:bundle":5,"minecraft:iron_chestplate":1,"travelersbackpack:crafting_upgrade":1,"spelunkers_charm:rock":28,"k_turrets:raw_titanium":7,"minecraft:spider_eye":2,"minecraft:slime_ball":1,"minecraft:stone_pickaxe":1},"minecraft:killed_by":{"minecraft:drowned":1,"minecraft:zombie":2},"minecraft:crafted":{"travelersbackpack:crafting_upgrade":2,"minecraft:furnace":1,"minecraft:bone_meal":81,"travelersbackpack:blank_upgrade":8,"travelersbackpack:gold_tier_upgrade":2,"minecraft:glass":29,"minecraft:iron_boots":2,"minecraft:stone_pickaxe":1,"minecraft:chest":6,"minecraft:stone_hoe":1,"travelersbackpack:iron_tier_upgrade":1,"alexsmobs:cooked_lobster_tail":1,"minecraft:crafting_table":1,"travelersbackpack:backpack_tank":8,"minecraft:iron_helmet":2,"travelersbackpack:standard":5,"minecraft:blue_bed":1,"minecraft:copper_ingot":5,"minecraft:birch_planks":260,"travelersbackpack:blue_sleeping_bag":1,"minecraft:air":0,"minecraft:blue_dye":3,"minecraft:white_wool":14,"minecraft:iron_chestplate":2,"minecraft:stick":72,"minecraft:iron_pickaxe":1,"minecraft:iron_ingot":51,"minecraft:blue_wool":2,"minecraft:stone_sword":1,"minecraft:iron_leggings":2,"minecraft:gold_ingot":9,"minecraft:torch":12},"minecraft:picked_up":{"minecraft:crafting_table":2,"minecraft:wheat":9,"minecraft:prismarine_shard":2,"twigs:roseate_seashell":1,"moguns:45acp":346,"minecraft:smithing_table":1,"dynamictrees:spruce_seed":1,"minecraft:lead":1,"minecraft:potion":4,"minecraft:enchanted_book":1,"minecraft:amethyst_block":24,"minecraft:string":130,"minecraft:raw_copper":5,"twigs:opaline_seashell":1,"farmersdelight:cabbage":2,"twigs:pebble":6,"minecraft:calcite":8,"minecraft:iron_nugget":5,"travelersbackpack:black_sleeping_bag":1,"alexsmobs:cooked_lobster_tail":1,"minecraft:phantom_membrane":3,"farmersdelight:cabbage_seeds":7,"minecraft:furnace":1,"minecraft:stick":54,"minecraft:raw_iron":28,"minecraft:torch":11,"travelersbackpack:iron_tier_upgrade":2,"minecraft:porkchop":12,"tombstone:grave_dust":18,"minecraft:carrot":58,"minecraft:redstone":5,"minecraft:rotten_flesh":205,"minecraft:cooked_cod":2,"k_turrets:raw_titanium":7,"minecraft:hay_block":2,"farmersdelight:rope":2,"tombstone:essence_of_undeath":1,"minecraft:gold_ingot":9,"betteranimalsplus:calamari_cooked":1,"twigs:tangerine_seashell":4,"minecraft:cod":3,"minecraft:rail":5,"alexsmobs:lobster_tail":2,"minecraft:cobblestone":66,"minecraft:birch_log":65,"minecraft:water_bucket":1,"minecraft:andesite":3,"minecraft:potato":7,"minecraft:birch_planks":7,"minecraft:gunpowder":54,"minecraft:dirt":5,"minecraft:name_tag":1,"minecraft:bone":61,"minecraft:glass":19,"minecraft:wheat_seeds":33,"minecraft:iron_ingot":24,"dynamictrees:birch_seed":35,"minecraft:stone_pickaxe":2,"twigs:twig":78,"minecraft:iron_sword":1,"minecraft:smooth_basalt":8,"minecraft:cooked_porkchop":14,"twigs:bronzed_seashell":1,"minecraft:sand":52,"minecraft:amethyst_shard":12,"minecraft:white_bed":1,"spelunkers_charm:candle_on_helmet":1,"minecraft:spider_eye":2,"minecraft:mossy_cobblestone":1,"moguns:m1911":1,"travelersbackpack:white_sleeping_bag":1,"minecraft:bundle":4,"travelersbackpack:standard":2,"minecraft:pumpkin_seeds":3,"minecraft:slime_ball":2,"minecraft:diamond":1,"minecraft:stone_axe":2,"minecraft:granite":4,"tombstone:magic_scroll":4,"spelunkers_charm:rock":58,"minecraft:coal":46,"minecraft:ender_pearl":2},"minecraft:broken":{"minecraft:stone_pickaxe":1},"minecraft:used":{"minecraft:stone_sword":16,"betteranimalsplus:calamari_cooked":1,"farmersdelight:cabbage_seeds":3,"minecraft:chest":3,"minecraft:iron_sword":3,"minecraft:rotten_flesh":16,"minecraft:stone_hoe":33,"minecraft:torch":9,"minecraft:dirt":5,"moguns:wrapped_rifle":20,"minecraft:carrot":9,"minecraft:granite":3,"alexsmobs:lobster_tail":1,"alexsmobs:cooked_lobster_tail":1,"moguns:flamer":149,"minecraft:cooked_cod":2,"minecraft:furnace":1,"tombstone:gift":4,"minecraft:potato":1,"moguns:scar_l":8,"minecraft:wheat_seeds":20,"minecraft:birch_planks":206,"minecraft:glass_bottle":11,"minecraft:stone_pickaxe":216,"moguns:akm_custom":9,"moguns:big_iron":55,"minecraft:blue_bed":1,"moguns:m1911":867,"minecraft:crafting_table":1,"minecraft:pumpkin_seeds":2,"minecraft:iron_pickaxe":4,"moguns:famas":10,"tombstone:magic_scroll":1,"minecraft:stone_axe":49,"twigs:bronzed_seashell":5,"minecraft:cobblestone":19,"minecraft:potion":20,"travelersbackpack:standard":2,"moguns:butterfly_gun":24,"minecraft:cooked_porkchop":2,"minecraft:bucket":4,"minecraft:bone_meal":62},"minecraft:killed":{"alexsmobs:lobster":5,"alexsmobs:raccoon":2,"alexsmobs:tasmanian_devil":1,"minecraft:drowned":4,"betteranimalsplus:shark":2,"minecraft:trader_llama":1,"minecraft:zombie":180,"minecraft:cow":1},"minecraft:custom":{"minecraft:interact_with_smithing_table":10,"minecraft:mob_kills":194,"minecraft:interact_with_crafting_table":55,"minecraft:open_barrel":1,"minecraft:interact_with_campfire":12,"minecraft:leave_game":7,"minecraft:time_since_death":12224,"minecraft:climb_one_cm":8682,"minecraft:sprint_one_cm":149137,"minecraft:walk_one_cm":706326,"minecraft:drop":60,"minecraft:damage_dealt_absorbed":80,"minecraft:talked_to_villager":1,"minecraft:play_time":174310,"minecraft:deaths":3,"minecraft:sneak_time":5603,"minecraft:walk_under_water_one_cm":6542,"minecraft:jump":1314,"minecraft:walk_on_water_one_cm":7236,"minecraft:total_world_time":174310,"minecraft:interact_with_furnace":51,"minecraft:time_since_rest":11986,"minecraft:damage_taken":1690,"minecraft:damage_dealt":1392,"minecraft:crouch_one_cm":15949,"minecraft:swim_one_cm":11504,"minecraft:fly_one_cm":131825,"minecraft:open_chest":69,"tombstone:undead_killed":184,"minecraft:fall_one_cm":14406}},"DataVersion":3120}