{"stats":{"minecraft:crafted":{"minecraft:furnace":1,"minecraft:birch_planks":144,"minecraft:air":0,"minecraft:stick":52,"minecraft:iron_ingot":5,"minecraft:stone_sword":1},"minecraft:killed_by":{"minecraft:zombie":1},"minecraft:mined":{"twigs:pebble":6,"spelunkers_charm:rock_pile":5,"minecraft:granite":3,"twigs:roseate_seashell":1,"twigs:twig":1,"spelunkers_charm:rock_pile_2":6,"minecraft:copper_ore":1,"minecraft:birch_planks":4,"spelunkers_charm:rock_pile_3":1,"minecraft:iron_ore":5,"twigs:tangerine_seashell":3,"minecraft:andesite":3,"twigs:bronzed_seashell":1,"minecraft:grass":1,"k_turrets:titanium_ore":7,"minecraft:coal_ore":13,"minecraft:stone":18,"twigs:opaline_seashell":1},"minecraft:used":{"minecraft:birch_planks":146,"minecraft:glass_bottle":8,"minecraft:stone_pickaxe":50,"minecraft:rotten_flesh":11,"moguns:m1911":161,"minecraft:granite":3,"minecraft:stone_axe":36,"twigs:bronzed_seashell":3,"minecraft:cobblestone":3,"minecraft:potion":9,"minecraft:cooked_cod":2,"minecraft:furnace":1,"tombstone:gift":2},"minecraft:custom":{"minecraft:interact_with_furnace":6,"minecraft:mob_kills":38,"minecraft:interact_with_crafting_table":7,"minecraft:time_since_death":40678,"minecraft:time_since_rest":38279,"minecraft:sprint_one_cm":57625,"minecraft:damage_taken":664,"minecraft:walk_one_cm":210663,"minecraft:drop":4,"minecraft:damage_dealt":409,"minecraft:swim_one_cm":908,"minecraft:damage_dealt_absorbed":80,"minecraft:fly_one_cm":31724,"minecraft:open_chest":14,"minecraft:crouch_one_cm":8093,"minecraft:play_time":41639,"tombstone:undead_killed":35,"minecraft:deaths":1,"minecraft:sneak_time":1852,"minecraft:walk_under_water_one_cm":3031,"minecraft:jump":352,"minecraft:walk_on_water_one_cm":277,"minecraft:total_world_time":41639,"minecraft:fall_one_cm":4900},"minecraft:dropped":{"minecraft:enchanted_book":1,"twigs:tangerine_seashell":1,"tombstone:magic_scroll":2},"minecraft:picked_up":{"minecraft:birch_log":36,"minecraft:andesite":3,"moguns:45acp":192,"twigs:roseate_seashell":1,"minecraft:birch_planks":3,"minecraft:enchanted_book":1,"minecraft:gunpowder":17,"minecraft:string":2,"minecraft:raw_copper":5,"minecraft:bone":14,"twigs:opaline_seashell":1,"minecraft:wheat_seeds":1,"dynamictrees:birch_seed":21,"twigs:pebble":6,"minecraft:iron_ingot":1,"minecraft:stone_pickaxe":1,"twigs:twig":51,"minecraft:stick":36,"minecraft:raw_iron":5,"twigs:bronzed_seashell":1,"tombstone:grave_dust":7,"minecraft:bundle":1,"minecraft:rotten_flesh":48,"minecraft:cooked_cod":2,"minecraft:stone_axe":1,"k_turrets:raw_titanium":7,"minecraft:granite":3,"tombstone:magic_scroll":2,"spelunkers_charm:rock":28,"twigs:tangerine_seashell":4,"minecraft:coal":13,"minecraft:cobblestone":18,"minecraft:ender_pearl":1},"minecraft:killed":{"alexsmobs:raccoon":1,"alexsmobs:tasmanian_devil":1,"minecraft:zombie":35}},"DataVersion":3120}