{"stats":{"minecraft:crafted":{"minecraft:furnace":1,"minecraft:birch_planks":144,"minecraft:air":0,"minecraft:stick":52,"minecraft:iron_ingot":5,"minecraft:stone_sword":1},"minecraft:killed_by":{"minecraft:zombie":1},"minecraft:mined":{"twigs:pebble":6,"spelunkers_charm:rock_pile":5,"minecraft:granite":3,"minecraft:grass_block":2,"twigs:roseate_seashell":1,"twigs:twig":1,"minecraft:copper_ore":1,"spelunkers_charm:rock_pile_2":6,"minecraft:large_fern":1,"minecraft:birch_planks":4,"spelunkers_charm:rock_pile_3":1,"minecraft:iron_ore":5,"twigs:tangerine_seashell":3,"minecraft:andesite":3,"twigs:bronzed_seashell":1,"k_turrets:titanium_ore":7,"minecraft:grass":1,"minecraft:coal_ore":16,"minecraft:dirt":1,"minecraft:stone":22,"twigs:opaline_seashell":1},"minecraft:used":{"minecraft:birch_planks":146,"minecraft:glass_bottle":11,"minecraft:stone_pickaxe":62,"minecraft:rotten_flesh":15,"moguns:m1911":250,"minecraft:dirt":3,"minecraft:granite":3,"minecraft:stone_axe":37,"twigs:bronzed_seashell":3,"minecraft:cobblestone":12,"minecraft:potion":12,"minecraft:furnace":1,"minecraft:cooked_cod":2,"tombstone:gift":2},"minecraft:custom":{"minecraft:interact_with_furnace":9,"minecraft:mob_kills":55,"minecraft:interact_with_crafting_table":7,"minecraft:leave_game":2,"minecraft:time_since_death":51024,"minecraft:time_since_rest":48625,"minecraft:sprint_one_cm":68652,"minecraft:damage_taken":739,"minecraft:walk_one_cm":257593,"minecraft:drop":8,"minecraft:damage_dealt":415,"minecraft:damage_dealt_absorbed":80,"minecraft:swim_one_cm":3734,"minecraft:fly_one_cm":38401,"minecraft:open_chest":17,"minecraft:crouch_one_cm":9112,"minecraft:play_time":51985,"tombstone:undead_killed":51,"minecraft:deaths":1,"minecraft:sneak_time":2477,"minecraft:walk_under_water_one_cm":4670,"minecraft:jump":429,"minecraft:walk_on_water_one_cm":1330,"minecraft:total_world_time":51985,"minecraft:fall_one_cm":5529},"minecraft:dropped":{"minecraft:enchanted_book":1,"minecraft:stone_axe":1,"moguns:45acp":2,"twigs:tangerine_seashell":1,"moguns:m1911":1,"tombstone:magic_scroll":2},"minecraft:picked_up":{"minecraft:birch_log":36,"minecraft:andesite":3,"moguns:45acp":193,"twigs:roseate_seashell":1,"minecraft:birch_planks":3,"minecraft:enchanted_book":1,"minecraft:gunpowder":25,"minecraft:string":2,"minecraft:dirt":3,"minecraft:raw_copper":5,"twigs:opaline_seashell":1,"minecraft:bone":15,"minecraft:wheat_seeds":1,"minecraft:stone_pickaxe":1,"minecraft:iron_ingot":1,"twigs:pebble":6,"dynamictrees:birch_seed":21,"twigs:twig":55,"minecraft:stick":36,"minecraft:raw_iron":5,"twigs:bronzed_seashell":1,"tombstone:grave_dust":10,"minecraft:bundle":1,"minecraft:rotten_flesh":73,"minecraft:cooked_cod":2,"minecraft:stone_axe":2,"k_turrets:raw_titanium":7,"minecraft:granite":3,"betteranimalsplus:calamari_cooked":1,"tombstone:magic_scroll":2,"spelunkers_charm:rock":28,"twigs:tangerine_seashell":4,"minecraft:coal":16,"minecraft:cobblestone":22,"minecraft:ender_pearl":1},"minecraft:killed":{"alexsmobs:raccoon":2,"alexsmobs:tasmanian_devil":1,"minecraft:zombie":48,"minecraft:drowned":3}},"DataVersion":3120}