{"stats":{"minecraft:crafted":{"minecraft:birch_planks":144},"minecraft:killed_by":{"minecraft:zombie":1},"minecraft:mined":{"minecraft:birch_planks":4,"spelunkers_charm:rock_pile_3":1,"twigs:pebble":6,"twigs:tangerine_seashell":3,"twigs:bronzed_seashell":1,"spelunkers_charm:rock_pile":5,"minecraft:grass":1,"twigs:roseate_seashell":1,"twigs:twig":1,"spelunkers_charm:rock_pile_2":6,"twigs:opaline_seashell":1},"minecraft:used":{"minecraft:birch_planks":146,"minecraft:glass_bottle":3,"minecraft:rotten_flesh":7,"moguns:m1911":140,"minecraft:stone_axe":36,"twigs:bronzed_seashell":3,"minecraft:potion":8,"minecraft:cooked_cod":2,"tombstone:gift":2},"minecraft:custom":{"minecraft:time_since_rest":26279,"minecraft:interact_with_furnace":3,"minecraft:sprint_one_cm":43507,"minecraft:damage_taken":624,"minecraft:walk_one_cm":164683,"minecraft:mob_kills":33,"minecraft:drop":2,"minecraft:damage_dealt":409,"minecraft:damage_dealt_absorbed":80,"minecraft:interact_with_crafting_table":2,"minecraft:fly_one_cm":24546,"minecraft:open_chest":13,"minecraft:crouch_one_cm":5889,"minecraft:play_time":29639,"minecraft:deaths":1,"tombstone:undead_killed":30,"minecraft:sneak_time":1212,"minecraft:jump":234,"minecraft:time_since_death":28678,"minecraft:total_world_time":29639,"minecraft:fall_one_cm":4064},"minecraft:picked_up":{"minecraft:birch_log":36,"minecraft:stick":36,"moguns:45acp":192,"twigs:roseate_seashell":1,"minecraft:birch_planks":3,"minecraft:enchanted_book":1,"twigs:bronzed_seashell":1,"tombstone:grave_dust":6,"minecraft:gunpowder":11,"minecraft:string":2,"minecraft:bundle":1,"minecraft:bone":13,"twigs:opaline_seashell":1,"minecraft:rotten_flesh":37,"minecraft:cooked_cod":2,"minecraft:stone_axe":1,"minecraft:wheat_seeds":1,"twigs:pebble":6,"minecraft:iron_ingot":1,"dynamictrees:birch_seed":21,"tombstone:magic_scroll":1,"twigs:twig":51,"spelunkers_charm:rock":28,"twigs:tangerine_seashell":4,"minecraft:ender_pearl":1},"minecraft:dropped":{"twigs:tangerine_seashell":1,"minecraft:enchanted_book":1},"minecraft:killed":{"minecraft:zombie":30,"alexsmobs:raccoon":1,"alexsmobs:tasmanian_devil":1}},"DataVersion":3120}