{"stats":{"minecraft:mined":{"twigs:pebble":1},"minecraft:killed_by":{"minecraft:zombie":1},"minecraft:custom":{"minecraft:jump":25,"minecraft:time_since_rest":2279,"minecraft:damage_dealt":203,"tombstone:undead_killed":1,"minecraft:sprint_one_cm":1920,"minecraft:deaths":1,"minecraft:play_time":5639,"minecraft:damage_taken":375,"minecraft:time_since_death":4678,"minecraft:walk_one_cm":10254,"minecraft:sneak_time":18,"minecraft:total_world_time":5639,"minecraft:mob_kills":1,"minecraft:fly_one_cm":1423},"minecraft:picked_up":{"minecraft:rotten_flesh":2,"twigs:pebble":1},"minecraft:killed":{"minecraft:zombie":1}},"DataVersion":3120}