{"stats":{"minecraft:crafted":{"minecraft:crafting_table":1,"minecraft:furnace":1,"minecraft:bone_meal":45,"minecraft:birch_planks":184,"minecraft:air":0,"minecraft:stick":72,"minecraft:iron_ingot":5,"minecraft:stone_pickaxe":1,"minecraft:chest":2,"minecraft:stone_sword":1,"minecraft:torch":12},"minecraft:killed_by":{"minecraft:zombie":1},"minecraft:mined":{"minecraft:large_amethyst_bud":2,"twigs:pebble":6,"minecraft:medium_amethyst_bud":2,"minecraft:amethyst_cluster":3,"spelunkers_charm:rock_pile":5,"minecraft:granite":4,"minecraft:budding_amethyst":4,"minecraft:grass_block":4,"minecraft:calcite":8,"twigs:roseate_seashell":1,"twigs:twig":1,"minecraft:copper_ore":1,"spelunkers_charm:rock_pile_2":6,"minecraft:amethyst_block":8,"minecraft:large_fern":1,"minecraft:birch_planks":4,"spelunkers_charm:rock_pile_3":1,"minecraft:furnace":1,"minecraft:iron_ore":5,"minecraft:wheat":3,"twigs:tangerine_seashell":3,"minecraft:andesite":3,"twigs:bronzed_seashell":1,"k_turrets:titanium_ore":7,"minecraft:grass":2,"minecraft:coal_ore":46,"minecraft:small_amethyst_bud":3,"minecraft:dirt":1,"minecraft:smooth_basalt":8,"minecraft:stone":59,"twigs:opaline_seashell":1},"minecraft:used":{"minecraft:wheat_seeds":8,"minecraft:stone_sword":6,"minecraft:birch_planks":146,"minecraft:glass_bottle":11,"minecraft:stone_pickaxe":171,"minecraft:chest":2,"minecraft:rotten_flesh":16,"moguns:m1911":348,"minecraft:torch":3,"minecraft:dirt":5,"minecraft:crafting_table":1,"minecraft:carrot":2,"minecraft:granite":3,"minecraft:stone_axe":39,"twigs:bronzed_seashell":4,"minecraft:cobblestone":19,"minecraft:potion":14,"minecraft:furnace":1,"minecraft:cooked_cod":2,"tombstone:gift":4,"minecraft:bone_meal":45},"minecraft:custom":{"minecraft:interact_with_furnace":11,"minecraft:mob_kills":71,"minecraft:interact_with_crafting_table":12,"minecraft:leave_game":2,"minecraft:time_since_death":73511,"minecraft:climb_one_cm":980,"minecraft:time_since_rest":71112,"minecraft:sprint_one_cm":78060,"minecraft:damage_taken":769,"minecraft:walk_one_cm":328753,"minecraft:drop":13,"minecraft:damage_dealt":1165,"minecraft:talked_to_villager":1,"minecraft:damage_dealt_absorbed":80,"minecraft:swim_one_cm":3734,"minecraft:fly_one_cm":40529,"minecraft:open_chest":20,"minecraft:crouch_one_cm":12075,"minecraft:play_time":74472,"tombstone:undead_killed":65,"minecraft:deaths":1,"minecraft:sneak_time":4285,"minecraft:walk_under_water_one_cm":4670,"minecraft:jump":582,"minecraft:walk_on_water_one_cm":1330,"minecraft:total_world_time":74472,"minecraft:fall_one_cm":7838},"minecraft:broken":{"minecraft:stone_pickaxe":1},"minecraft:dropped":{"minecraft:enchanted_book":1,"minecraft:iron_ingot":6,"minecraft:stone_axe":1,"moguns:45acp":2,"minecraft:stick":8,"twigs:tangerine_seashell":1,"moguns:m1911":1,"tombstone:magic_scroll":2,"minecraft:bundle":1,"spelunkers_charm:rock":28,"minecraft:bone":1},"minecraft:picked_up":{"minecraft:birch_log":46,"minecraft:wheat":3,"minecraft:andesite":3,"moguns:45acp":193,"twigs:roseate_seashell":1,"minecraft:lead":1,"minecraft:birch_planks":3,"minecraft:enchanted_book":1,"minecraft:gunpowder":30,"minecraft:amethyst_block":8,"minecraft:dirt":5,"minecraft:string":2,"minecraft:raw_copper":5,"twigs:opaline_seashell":1,"minecraft:bone":19,"minecraft:wheat_seeds":9,"minecraft:stone_pickaxe":1,"minecraft:iron_ingot":18,"twigs:pebble":6,"dynamictrees:birch_seed":28,"minecraft:calcite":8,"minecraft:iron_nugget":1,"twigs:twig":61,"minecraft:furnace":1,"minecraft:smooth_basalt":8,"minecraft:stick":50,"minecraft:raw_iron":5,"twigs:bronzed_seashell":1,"minecraft:amethyst_shard":12,"tombstone:grave_dust":12,"minecraft:carrot":16,"moguns:m1911":1,"minecraft:bundle":3,"minecraft:rotten_flesh":87,"minecraft:cooked_cod":2,"minecraft:stone_axe":2,"k_turrets:raw_titanium":7,"minecraft:granite":3,"betteranimalsplus:calamari_cooked":1,"tombstone:magic_scroll":2,"spelunkers_charm:rock":56,"twigs:tangerine_seashell":4,"minecraft:coal":46,"minecraft:cobblestone":59,"minecraft:ender_pearl":1},"minecraft:killed":{"alexsmobs:raccoon":2,"alexsmobs:tasmanian_devil":1,"minecraft:trader_llama":1,"minecraft:zombie":62,"minecraft:drowned":3}},"DataVersion":3120}