{"stats":{"minecraft:crafted":{"minecraft:furnace":1,"minecraft:bone_meal":81,"minecraft:iron_boots":2,"minecraft:stone_pickaxe":1,"minecraft:chest":3,"minecraft:stone_hoe":1,"alexsmobs:cooked_lobster_tail":1,"minecraft:crafting_table":1,"minecraft:iron_helmet":2,"minecraft:blue_bed":1,"minecraft:copper_ingot":5,"minecraft:birch_planks":184,"minecraft:air":0,"minecraft:blue_dye":1,"minecraft:white_wool":14,"minecraft:iron_chestplate":2,"minecraft:stick":72,"minecraft:iron_ingot":40,"minecraft:iron_pickaxe":1,"minecraft:stone_sword":1,"minecraft:iron_leggings":2,"minecraft:torch":12},"minecraft:killed_by":{"minecraft:drowned":1,"minecraft:zombie":1},"minecraft:mined":{"minecraft:large_amethyst_bud":2,"minecraft:mossy_cobblestone":2,"minecraft:granite":5,"minecraft:budding_amethyst":4,"minecraft:grass_block":4,"twigs:twig":1,"minecraft:large_fern":1,"minecraft:furnace":1,"minecraft:iron_ore":27,"minecraft:andesite":3,"twigs:bronzed_seashell":1,"minecraft:small_amethyst_bud":3,"minecraft:stone":63,"twigs:opaline_seashell":1,"twigs:pebble":6,"minecraft:medium_amethyst_bud":2,"minecraft:amethyst_cluster":3,"spelunkers_charm:rock_pile":5,"minecraft:calcite":8,"twigs:roseate_seashell":1,"minecraft:cobblestone":2,"minecraft:copper_ore":1,"spelunkers_charm:rock_pile_2":7,"minecraft:amethyst_block":8,"minecraft:birch_planks":4,"spelunkers_charm:rock_pile_3":1,"minecraft:wheat":9,"twigs:tangerine_seashell":3,"k_turrets:titanium_ore":7,"minecraft:grass":2,"minecraft:coal_ore":46,"minecraft:dirt":1,"minecraft:smooth_basalt":8},"minecraft:used":{"minecraft:stone_sword":16,"farmersdelight:cabbage_seeds":3,"minecraft:chest":3,"minecraft:stone_hoe":33,"minecraft:rotten_flesh":16,"minecraft:torch":9,"minecraft:dirt":5,"moguns:wrapped_rifle":20,"minecraft:carrot":9,"minecraft:granite":3,"alexsmobs:lobster_tail":1,"alexsmobs:cooked_lobster_tail":1,"moguns:flamer":149,"minecraft:furnace":1,"minecraft:cooked_cod":2,"tombstone:gift":4,"minecraft:potato":1,"moguns:scar_l":8,"minecraft:wheat_seeds":20,"minecraft:birch_planks":152,"minecraft:glass_bottle":11,"moguns:akm_custom":9,"minecraft:stone_pickaxe":216,"moguns:big_iron":55,"minecraft:blue_bed":1,"moguns:m1911":700,"minecraft:crafting_table":1,"minecraft:pumpkin_seeds":2,"moguns:famas":10,"minecraft:stone_axe":39,"twigs:bronzed_seashell":5,"minecraft:cobblestone":19,"minecraft:potion":18,"moguns:butterfly_gun":24,"minecraft:bone_meal":62},"minecraft:custom":{"minecraft:mob_kills":171,"minecraft:interact_with_crafting_table":25,"minecraft:leave_game":4,"minecraft:time_since_death":8990,"minecraft:climb_one_cm":8682,"minecraft:sprint_one_cm":108772,"minecraft:walk_one_cm":565062,"minecraft:drop":48,"minecraft:damage_dealt_absorbed":80,"minecraft:talked_to_villager":1,"minecraft:play_time":121616,"minecraft:deaths":2,"minecraft:sneak_time":5165,"minecraft:walk_under_water_one_cm":6451,"minecraft:jump":1023,"minecraft:walk_on_water_one_cm":7131,"minecraft:total_world_time":121616,"minecraft:interact_with_furnace":39,"minecraft:time_since_rest":8661,"minecraft:damage_taken":1237,"minecraft:damage_dealt":1357,"minecraft:swim_one_cm":5681,"minecraft:fly_one_cm":110973,"minecraft:open_chest":36,"minecraft:crouch_one_cm":14778,"tombstone:undead_killed":163,"minecraft:fall_one_cm":12256},"minecraft:broken":{"minecraft:stone_pickaxe":1},"minecraft:picked_up":{"minecraft:wheat":9,"minecraft:prismarine_shard":2,"moguns:45acp":346,"twigs:roseate_seashell":1,"minecraft:lead":1,"minecraft:potion":4,"minecraft:enchanted_book":1,"minecraft:amethyst_block":24,"minecraft:string":115,"minecraft:raw_copper":5,"twigs:opaline_seashell":1,"twigs:pebble":6,"minecraft:calcite":8,"minecraft:iron_nugget":5,"alexsmobs:cooked_lobster_tail":1,"farmersdelight:cabbage_seeds":3,"minecraft:phantom_membrane":3,"minecraft:furnace":1,"minecraft:stick":50,"minecraft:raw_iron":28,"minecraft:torch":11,"travelersbackpack:iron_tier_upgrade":1,"tombstone:grave_dust":18,"minecraft:carrot":34,"minecraft:redstone":5,"minecraft:cooked_cod":2,"minecraft:rotten_flesh":186,"k_turrets:raw_titanium":7,"farmersdelight:rope":2,"betteranimalsplus:calamari_cooked":1,"minecraft:cod":3,"twigs:tangerine_seashell":4,"alexsmobs:lobster_tail":2,"minecraft:rail":5,"minecraft:cobblestone":66,"minecraft:birch_log":46,"minecraft:andesite":3,"minecraft:potato":1,"minecraft:birch_planks":3,"minecraft:gunpowder":54,"minecraft:dirt":5,"minecraft:name_tag":1,"minecraft:bone":48,"minecraft:wheat_seeds":23,"dynamictrees:birch_seed":28,"minecraft:iron_ingot":18,"minecraft:stone_pickaxe":2,"twigs:twig":61,"minecraft:smooth_basalt":8,"twigs:bronzed_seashell":1,"minecraft:amethyst_shard":12,"minecraft:white_bed":1,"spelunkers_charm:candle_on_helmet":1,"minecraft:mossy_cobblestone":1,"minecraft:spider_eye":2,"moguns:m1911":1,"minecraft:bundle":3,"minecraft:pumpkin_seeds":3,"minecraft:slime_ball":2,"minecraft:diamond":1,"minecraft:stone_axe":2,"minecraft:granite":4,"tombstone:magic_scroll":4,"spelunkers_charm:rock":58,"minecraft:coal":46,"minecraft:ender_pearl":1},"minecraft:dropped":{"minecraft:enchanted_book":1,"minecraft:iron_ingot":6,"moguns:45acp":2,"minecraft:lapis_lazuli":30,"dynamictrees:birch_seed":8,"minecraft:mossy_cobblestone":1,"minecraft:iron_helmet":1,"minecraft:amethyst_block":16,"minecraft:granite":1,"travelersbackpack:iron_tier_upgrade":1,"minecraft:rail":5,"minecraft:stick":14,"moguns:m1911":1,"tombstone:magic_scroll":3,"alexsmobs:cooked_lobster_tail":1,"moguns:big_iron":1,"minecraft:iron_leggings":1,"minecraft:phantom_membrane":1,"minecraft:string":57,"minecraft:white_wool":14,"minecraft:smooth_basalt":8,"minecraft:bone":4,"minecraft:redstone":5,"minecraft:stone_axe":1,"minecraft:iron_nugget":1,"minecraft:stone_sword":1,"minecraft:rotten_flesh":50,"minecraft:iron_boots":1,"twigs:tangerine_seashell":1,"minecraft:bundle":3,"minecraft:iron_chestplate":1,"spelunkers_charm:rock":28,"k_turrets:raw_titanium":7,"minecraft:spider_eye":2,"minecraft:slime_ball":1,"minecraft:stone_pickaxe":1},"minecraft:killed":{"alexsmobs:lobster":5,"alexsmobs:raccoon":2,"alexsmobs:tasmanian_devil":1,"minecraft:drowned":4,"betteranimalsplus:shark":2,"minecraft:trader_llama":1,"minecraft:zombie":159}},"DataVersion":3120}