{"stats":{"minecraft:crafted":{"minecraft:birch_planks":92},"minecraft:killed_by":{"minecraft:zombie":1},"minecraft:mined":{"twigs:pebble":6,"twigs:tangerine_seashell":3,"twigs:bronzed_seashell":1,"minecraft:grass":1,"twigs:roseate_seashell":1,"twigs:twig":1,"twigs:opaline_seashell":1},"minecraft:used":{"minecraft:glass_bottle":3,"minecraft:rotten_flesh":2,"minecraft:stone_axe":24,"twigs:bronzed_seashell":3,"minecraft:potion":4,"minecraft:cooked_cod":2},"minecraft:custom":{"minecraft:time_since_rest":14279,"minecraft:interact_with_furnace":3,"minecraft:sprint_one_cm":31556,"minecraft:damage_taken":499,"minecraft:walk_one_cm":67983,"minecraft:mob_kills":2,"minecraft:drop":1,"minecraft:damage_dealt":409,"minecraft:fly_one_cm":15864,"minecraft:open_chest":10,"minecraft:crouch_one_cm":95,"minecraft:play_time":17639,"minecraft:deaths":1,"tombstone:undead_killed":2,"minecraft:sneak_time":61,"minecraft:jump":135,"minecraft:time_since_death":16678,"minecraft:total_world_time":17639,"minecraft:fall_one_cm":1463},"minecraft:picked_up":{"minecraft:birch_log":36,"minecraft:stick":36,"twigs:roseate_seashell":1,"twigs:bronzed_seashell":1,"minecraft:gunpowder":1,"twigs:opaline_seashell":1,"minecraft:rotten_flesh":2,"minecraft:cooked_cod":2,"minecraft:stone_axe":1,"minecraft:wheat_seeds":1,"twigs:pebble":6,"dynamictrees:birch_seed":20,"twigs:twig":51,"twigs:tangerine_seashell":4},"minecraft:dropped":{"twigs:tangerine_seashell":1},"minecraft:killed":{"minecraft:zombie":2}},"DataVersion":3120}