{
  "securitycraft:recipes/securitycraft/universal_block_remover": {
    "criteria": {
      "has_iron": "2024-06-24 00:49:11 +0000"
    },
    "done": true
  },
  "minecraft:recipes/tools/fishing_rod": {
    "criteria": {
      "has_string": "2024-06-24 00:49:32 +0000"
    },
    "done": true
  },
  "bakery:recipes/bread_knife": {
    "criteria": {
      "has_iron_ingot": "2024-06-24 00:49:11 +0000"
    },
    "done": true
  },
  "decorative_blocks:recipes/decorative_blocks.general/birch_seat": {
    "criteria": {
      "has_plank": "2024-06-24 00:39:10 +0000"
    },
    "done": true
  },
  "farmersdelight:recipes/farmersdelight/organic_compost_from_rotten_flesh": {
    "criteria": {
      "has_rotten_flesh": "2024-06-24 00:36:48 +0000"
    },
    "done": true
  },
  "additionalguns:recipes/additionalguns/akm_custom": {
    "criteria": {
      "has_iron_ingot": "2024-06-24 00:49:11 +0000"
    },
    "done": true
  },
  "minecraft:recipes/combat/iron_sword": {
    "criteria": {
      "has_iron_ingot": "2024-06-24 00:49:11 +0000"
    },
    "done": true
  },
  "cfm:recipes/cfm/birch_kitchen_sink_light": {
    "criteria": {
      "has_bottom": "2024-06-24 00:39:10 +0000"
    },
    "done": true
  },
  "additionalguns:recipes/additionalguns/unica": {
    "criteria": {
      "has_planks": "2024-06-24 00:39:10 +0000"
    },
    "done": true
  },
  "additionalguns:recipes/additionalguns/akm": {
    "criteria": {
      "has_planks": "2024-06-24 00:39:10 +0000"
    },
    "done": true
  },
  "securitycraft:recipes/securitycraft/sentry": {
    "criteria": {
      "has_iron": "2024-06-24 00:49:11 +0000"
    },
    "done": true
  },
  "minecraft:recipes/tools/iron_pickaxe": {
    "criteria": {
      "has_iron_ingot": "2024-06-24 00:49:11 +0000"
    },
    "done": true
  },
  "cfm:recipes/cfm/birch_upgraded_gate": {
    "criteria": {
      "has_log": "2024-06-24 00:37:53 +0000"
    },
    "done": true
  },
  "projectarsenal:recipes/projectarsenal/shrike": {
    "criteria": {
      "has_iron_ingots": "2024-06-24 00:49:11 +0000"
    },
    "done": true
  },
  "projectarsenal:recipes/projectarsenal/markxix": {
    "criteria": {
      "has_iron_ingots": "2024-06-24 00:49:11 +0000"
    },
    "done": true
  },
  "minecraft:recipes/redstone/birch_pressure_plate": {
    "criteria": {
      "has_planks": "2024-06-24 00:39:10 +0000"
    },
    "done": true
  },
  "minecraft:recipes/decorations/crafting_table": {
    "criteria": {
      "has_planks": "2024-06-24 00:39:10 +0000"
    },
    "done": true
  },
  "minecraft:recipes/decorations/candle": {
    "criteria": {
      "has_string": "2024-06-24 00:49:32 +0000"
    },
    "done": true
  },
  "minecraft:recipes/decorations/campfire": {
    "criteria": {
      "has_stick": "2024-06-24 00:37:53 +0000"
    },
    "done": true
  },
  "projectarsenal:recipes/projectarsenal/p90": {
    "criteria": {
      "has_iron_ingots": "2024-06-24 00:49:11 +0000"
    },
    "done": true
  },
  "cfm:recipes/cfm/birch_desk": {
    "criteria": {
      "has_log": "2024-06-24 00:37:53 +0000"
    },
    "done": true
  },
  "additionalguns:recipes/additionalguns/usp": {
    "criteria": {
      "has_iron_ingot": "2024-06-24 00:49:11 +0000"
    },
    "done": true
  },
  "additionalguns:recipes/additionalguns/vintorez": {
    "criteria": {
      "has_iron_ingot": "2024-06-24 00:49:11 +0000"
    },
    "done": true
  },
  "additionalguns:recipes/additionalguns/ak74": {
    "criteria": {
      "has_planks": "2024-06-24 00:39:10 +0000"
    },
    "done": true
  },
  "minecraft:recipes/decorations/ladder": {
    "criteria": {
      "has_stick": "2024-06-24 00:37:53 +0000"
    },
    "done": true
  },
  "minecraft:recipes/misc/iron_nugget": {
    "criteria": {
      "has_iron_ingot": "2024-06-24 00:49:11 +0000"
    },
    "done": true
  },
  "minecraft:recipes/decorations/chest": {
    "criteria": {
      "has_lots_of_items": "2024-06-24 00:42:55 +0000"
    },
    "done": true
  },
  "cfm:recipes/cfm/stripped_birch_bedside_cabinet": {
    "criteria": {
      "has_planks": "2024-06-24 00:37:53 +0000"
    },
    "done": true
  },
  "minecraft:recipes/tools/wooden_shovel": {
    "criteria": {
      "has_stick": "2024-06-24 00:37:53 +0000"
    },
    "done": true
  },
  "securitycraft:recipes/securitycraft/track_mine": {
    "criteria": {
      "has_iron": "2024-06-24 00:49:11 +0000"
    },
    "done": true
  },
  "additionalguns:recipes/additionalguns/desert_eagle": {
    "criteria": {
      "has_iron_ingot": "2024-06-24 00:49:11 +0000"
    },
    "done": true
  },
  "cgm:recipes/cgm/advanced_bullet": {
    "criteria": {
      "has_gunpowder": "2024-06-24 00:43:26 +0000"
    },
    "done": true
  },
  "mcwfences:recipes/stone": {
    "criteria": {
      "has_stone": "2024-06-24 00:36:48 +0000"
    },
    "done": true
  },
  "additionalguns:recipes/additionalguns/m16a2": {
    "criteria": {
      "has_iron_ingot": "2024-06-24 00:49:11 +0000"
    },
    "done": true
  },
  "cfm:recipes/cfm/trampoline": {
    "criteria": {
      "has_iron": "2024-06-24 00:49:11 +0000"
    },
    "done": true
  },
  "minecraft:recipes/tools/shears": {
    "criteria": {
      "has_iron_ingot": "2024-06-24 00:49:11 +0000"
    },
    "done": true
  },
  "minecraft:recipes/misc/stick": {
    "criteria": {
      "has_planks": "2024-06-24 00:39:10 +0000"
    },
    "done": true
  },
  "cfm:recipes/cfm/stripped_birch_kitchen_counter": {
    "criteria": {
      "has_log": "2024-06-24 00:37:53 +0000"
    },
    "done": true
  },
  "cfm:recipes/cfm/brown_grill": {
    "criteria": {
      "has_iron": "2024-06-24 00:49:11 +0000"
    },
    "done": true
  },
  "cfm:recipes/cfm/green_grill": {
    "criteria": {
      "has_iron": "2024-06-24 00:49:11 +0000"
    },
    "done": true
  },
  "projectarsenal:recipes/projectarsenal/cz75": {
    "criteria": {
      "has_iron_ingots": "2024-06-24 00:49:11 +0000"
    },
    "done": true
  },
  "securitycraft:recipes/securitycraft/blacklist_module": {
    "criteria": {
      "has_iron": "2024-06-24 00:49:11 +0000"
    },
    "done": true
  },
  "twigs:recipes/rocky_dirt": {
    "criteria": {
      "has_item": "2024-06-24 00:36:59 +0000"
    },
    "done": true
  },
  "securitycraft:recipes/securitycraft/speed_module": {
    "criteria": {
      "has_iron": "2024-06-24 00:49:11 +0000"
    },
    "done": true
  },
  "additionalguns:recipes/additionalguns/muzzle_brake": {
    "criteria": {
      "has_iron_ingot": "2024-06-24 00:49:11 +0000"
    },
    "done": true
  },
  "projectarsenal:recipes/projectarsenal/dp27": {
    "criteria": {
      "has_iron_ingots": "2024-06-24 00:49:11 +0000"
    },
    "done": true
  },
  "minecraft:recipes/misc/firework_rocket_simple": {
    "criteria": {
      "has_gunpowder": "2024-06-24 00:43:26 +0000"
    },
    "done": true
  },
  "mcwfences:recipes/jungle": {
    "criteria": {
      "has_jungle": "2024-06-24 00:36:48 +0000"
    },
    "done": true
  },
  "securitycraft:recipes/securitycraft/electrified_iron_fence": {
    "criteria": {
      "has_iron": "2024-06-24 00:49:11 +0000"
    },
    "done": true
  },
  "securitycraft:recipes/securitycraft/harming_module": {
    "criteria": {
      "has_iron": "2024-06-24 00:49:11 +0000"
    },
    "done": true
  },
  "projectarsenal:recipes/projectarsenal/p250": {
    "criteria": {
      "has_iron_ingots": "2024-06-24 00:49:11 +0000"
    },
    "done": true
  },
  "tombstone:adventure/find_grave_dust": {
    "criteria": {
      "from_undead": "2024-06-24 00:49:23 +0000"
    },
    "done": true
  },
  "mcwfences:recipes/spruce": {
    "criteria": {
      "has_spruce": "2024-06-24 00:36:48 +0000"
    },
    "done": true
  },
  "minecraft:recipes/combat/iron_leggings": {
    "criteria": {
      "has_iron_ingot": "2024-06-24 00:49:11 +0000"
    },
    "done": true
  },
  "mcwfences:recipes/oak": {
    "criteria": {
      "has_oak": "2024-06-24 00:36:48 +0000"
    },
    "done": true
  },
  "additionalguns:recipes/additionalguns/scar": {
    "criteria": {
      "has_iron_ingot": "2024-06-24 00:49:11 +0000"
    },
    "done": true
  },
  "mcwfences:recipes/hedge": {
    "criteria": {
      "has_birch": "2024-06-24 00:36:48 +0000"
    },
    "done": true
  },
  "mutantmonsters:root": {
    "criteria": {
      "killed_by_something": "2024-06-24 00:33:18 +0000"
    },
    "done": true
  },
  "mcwfences:recipes/end": {
    "criteria": {
      "has_end_brick": "2024-06-24 00:36:48 +0000"
    },
    "done": true
  },
  "minecraft:husbandry/balanced_diet": {
    "criteria": {
      "cooked_cod": "2024-06-24 00:47:06 +0000",
      "rotten_flesh": "2024-06-24 00:37:36 +0000"
    },
    "done": false
  },
  "minecraft:recipes/tools/wooden_hoe": {
    "criteria": {
      "has_stick": "2024-06-24 00:37:53 +0000"
    },
    "done": true
  },
  "minecraft:recipes/combat/shield": {
    "criteria": {
      "has_iron_ingot": "2024-06-24 00:49:11 +0000"
    },
    "done": true
  },
  "cfm:recipes/cfm/birch_park_bench": {
    "criteria": {
      "has_log": "2024-06-24 00:37:53 +0000"
    },
    "done": true
  },
  "decorative_blocks:recipes/decorative_blocks.general/lattice": {
    "criteria": {
      "has_stick": "2024-06-24 00:37:53 +0000"
    },
    "done": true
  },
  "minecraft:recipes/misc/bucket": {
    "criteria": {
      "has_iron_ingot": "2024-06-24 00:49:11 +0000"
    },
    "done": true
  },
  "parcool:grant_parcool_guide": {
    "criteria": {
      "tick": "2024-06-24 00:32:34 +0000"
    },
    "done": true
  },
  "cfm:recipes/cfm/birch_crate": {
    "criteria": {
      "has_log": "2024-06-24 00:37:53 +0000"
    },
    "done": true
  },
  "minecraft:recipes/redstone/hopper": {
    "criteria": {
      "has_iron_ingot": "2024-06-24 00:49:11 +0000"
    },
    "done": true
  },
  "projectarsenal:recipes/projectarsenal/scarh": {
    "criteria": {
      "has_iron_ingots": "2024-06-24 00:49:11 +0000"
    },
    "done": true
  },
  "additionalguns:recipes/additionalguns/m1014": {
    "criteria": {
      "has_iron_ingot": "2024-06-24 00:49:11 +0000"
    },
    "done": true
  },
  "minecraft:recipes/building_blocks/birch_slab": {
    "criteria": {
      "has_planks": "2024-06-24 00:39:10 +0000"
    },
    "done": true
  },
  "cfm:recipes/cfm/stripped_birch_chair": {
    "criteria": {
      "has_planks": "2024-06-24 00:37:53 +0000"
    },
    "done": true
  },
  "cfm:recipes/cfm/orange_grill": {
    "criteria": {
      "has_iron": "2024-06-24 00:49:11 +0000"
    },
    "done": true
  },
  "securitycraft:recipes/securitycraft/redstone_module": {
    "criteria": {
      "has_iron": "2024-06-24 00:49:11 +0000"
    },
    "done": true
  },
  "projectarsenal:recipes/projectarsenal/desert_eagle_classic": {
    "criteria": {
      "has_gunpowder": "2024-06-24 00:43:26 +0000"
    },
    "done": true
  },
  "bakery:recipes/small_cooking_pot": {
    "criteria": {
      "has_iron_ingot": "2024-06-24 00:49:11 +0000"
    },
    "done": true
  },
  "betteranimalsplus:shark_target_player": {
    "criteria": {
      "targeted": "2024-06-24 00:45:59 +0000"
    },
    "done": true
  },
  "mcwfurnitures:recipes/birch": {
    "criteria": {
      "has_wood": "2024-06-24 00:37:53 +0000"
    },
    "done": true
  },
  "projectarsenal:recipes/projectarsenal/ar15_classic": {
    "criteria": {
      "has_iron_ingots": "2024-06-24 00:49:11 +0000"
    },
    "done": true
  },
  "cgm:recipes/cgm/machine_pistol": {
    "criteria": {
      "has_iron_ingot": "2024-06-24 00:49:11 +0000"
    },
    "done": true
  },
  "bakery:recipes/brick_stove": {
    "criteria": {
      "has_iron_ingot": "2024-06-24 00:49:11 +0000"
    },
    "done": true
  },
  "cfm:recipes/cfm/blue_grill": {
    "criteria": {
      "has_iron": "2024-06-24 00:49:11 +0000"
    },
    "done": true
  },
  "cfm:recipes/cfm/stripped_birch_table": {
    "criteria": {
      "has_planks": "2024-06-24 00:37:53 +0000"
    },
    "done": true
  },
  "additionalguns:recipes/additionalguns/magnum": {
    "criteria": {
      "has_iron_ingot": "2024-06-24 00:49:11 +0000"
    },
    "done": true
  },
  "minecraft:recipes/combat/iron_helmet": {
    "criteria": {
      "has_iron_ingot": "2024-06-24 00:49:11 +0000"
    },
    "done": true
  },
  "cfm:recipes/cfm/yellow_grill": {
    "criteria": {
      "has_iron": "2024-06-24 00:49:11 +0000"
    },
    "done": true
  },
  "additionalguns:recipes/additionalguns/mp7": {
    "criteria": {
      "has_iron_ingot": "2024-06-24 00:49:11 +0000"
    },
    "done": true
  },
  "securitycraft:recipes/securitycraft/security_camera": {
    "criteria": {
      "has_iron": "2024-06-24 00:49:11 +0000"
    },
    "done": true
  },
  "minecraft:recipes/combat/bow": {
    "criteria": {
      "has_string": "2024-06-24 00:49:32 +0000"
    },
    "done": true
  },
  "minecraft:recipes/redstone/tnt": {
    "criteria": {
      "has_gunpowder": "2024-06-24 00:43:26 +0000"
    },
    "done": true
  },
  "cold_sweat:recipes/waterskin": {
    "criteria": {
      "temperature": "2024-06-24 00:49:26 +0000"
    },
    "done": true
  },
  "securitycraft:recipes/securitycraft/door_indestructible_iron_item": {
    "criteria": {
      "has_iron": "2024-06-24 00:49:11 +0000"
    },
    "done": true
  },
  "additionalguns:recipes/additionalguns/bullet_heavy": {
    "criteria": {
      "has_gunpowder": "2024-06-24 00:43:26 +0000"
    },
    "done": true
  },
  "cfm:recipes/cfm/purple_grill": {
    "criteria": {
      "has_iron": "2024-06-24 00:49:11 +0000"
    },
    "done": true
  },
  "cfm:recipes/cfm/birch_blinds": {
    "criteria": {
      "has_log": "2024-06-24 00:37:53 +0000"
    },
    "done": true
  },
  "minecraft:recipes/decorations/iron_bars": {
    "criteria": {
      "has_iron_ingot": "2024-06-24 00:49:11 +0000"
    },
    "done": true
  },
  "cgm:recipes/cgm/grenade": {
    "criteria": {
      "has_gunpowder": "2024-06-24 00:43:26 +0000"
    },
    "done": true
  },
  "takesapillage:root": {
    "criteria": {
      "always": "2024-06-24 00:32:34 +0000"
    },
    "done": true
  },
  "additionalguns:recipes/additionalguns/bullet_medium": {
    "criteria": {
      "has_gunpowder": "2024-06-24 00:43:26 +0000"
    },
    "done": true
  },
  "additionalguns:recipes/additionalguns/aks74u": {
    "criteria": {
      "has_planks": "2024-06-24 00:39:10 +0000"
    },
    "done": true
  },
  "additionalguns:recipes/additionalguns/bullet_long": {
    "criteria": {
      "has_gunpowder": "2024-06-24 00:43:26 +0000"
    },
    "done": true
  },
  "minecraft:recipes/transportation/minecart": {
    "criteria": {
      "has_iron_ingot": "2024-06-24 00:49:11 +0000"
    },
    "done": true
  },
  "additionalguns:recipes/additionalguns/schwarzlose": {
    "criteria": {
      "has_iron_ingot": "2024-06-24 00:49:11 +0000"
    },
    "done": true
  },
  "additionalguns:recipes/additionalguns/awm": {
    "criteria": {
      "has_iron_ingot": "2024-06-24 00:49:11 +0000"
    },
    "done": true
  },
  "minecraft:recipes/misc/charcoal": {
    "criteria": {
      "has_log": "2024-06-24 00:37:53 +0000"
    },
    "done": true
  },
  "twigs:recipes/cobblestone_from_pebble": {
    "criteria": {
      "has_item": "2024-06-24 00:36:59 +0000"
    },
    "done": true
  },
  "additionalguns:recipes/additionalguns/ace_of_spades": {
    "criteria": {
      "has_iron_ingot": "2024-06-24 00:49:11 +0000"
    },
    "done": true
  },
  "minecraft:recipes/tools/iron_hoe": {
    "criteria": {
      "has_iron_ingot": "2024-06-24 00:49:11 +0000"
    },
    "done": true
  },
  "minecraft:recipes/tools/wooden_pickaxe": {
    "criteria": {
      "has_stick": "2024-06-24 00:37:53 +0000"
    },
    "done": true
  },
  "minecraft:husbandry/root": {
    "criteria": {
      "consumed_item": "2024-06-24 00:37:36 +0000"
    },
    "done": true
  },
  "mcwfences:recipes/nether": {
    "criteria": {
      "has_nether_brick": "2024-06-24 00:36:48 +0000"
    },
    "done": true
  },
  "securitycraft:recipes/securitycraft/sonic_security_system": {
    "criteria": {
      "has_stick": "2024-06-24 00:37:53 +0000"
    },
    "done": true
  },
  "minecraft:recipes/tools/iron_shovel": {
    "criteria": {
      "has_iron_ingot": "2024-06-24 00:49:11 +0000"
    },
    "done": true
  },
  "minecraft:recipes/redstone/iron_trapdoor": {
    "criteria": {
      "has_iron_ingot": "2024-06-24 00:49:11 +0000"
    },
    "done": true
  },
  "mcwfences:recipes/crimson": {
    "criteria": {
      "has_crimson": "2024-06-24 00:36:48 +0000"
    },
    "done": true
  },
  "additionalguns:recipes/additionalguns/val": {
    "criteria": {
      "has_iron_ingot": "2024-06-24 00:49:11 +0000"
    },
    "done": true
  },
  "minecraft:recipes/decorations/birch_sign": {
    "criteria": {
      "has_planks": "2024-06-24 00:39:10 +0000"
    },
    "done": true
  },
  "projectarsenal:recipes/projectarsenal/mp1911": {
    "criteria": {
      "has_iron_ingots": "2024-06-24 00:49:11 +0000"
    },
    "done": true
  },
  "farmersdelight:recipes/farmersdelight/cutting_board": {
    "criteria": {
      "has_stick": "2024-06-24 00:37:53 +0000"
    },
    "done": true
  },
  "minecraft:adventure/root": {
    "criteria": {
      "killed_by_something": "2024-06-24 00:33:18 +0000"
    },
    "done": true
  },
  "mcwfences:recipes/prismarine": {
    "criteria": {
      "has_qq": "2024-06-24 00:36:48 +0000"
    },
    "done": true
  },
  "mcwfences:recipes/bamboo": {
    "criteria": {
      "has_bamboo": "2024-06-24 00:36:48 +0000"
    },
    "done": true
  },
  "additionalguns:recipes/additionalguns/m1911": {
    "criteria": {
      "has_iron_ingot": "2024-06-24 00:49:11 +0000"
    },
    "done": true
  },
  "additionalguns:recipes/additionalguns/ak74m": {
    "criteria": {
      "has_iron_ingot": "2024-06-24 00:49:11 +0000"
    },
    "done": true
  },
  "decorative_blocks:recipes/decorative_blocks.general/birch_palisade": {
    "criteria": {
      "has_log": "2024-06-24 00:37:53 +0000"
    },
    "done": true
  },
  "projectarsenal:recipes/projectarsenal/val": {
    "criteria": {
      "has_iron_ingots": "2024-06-24 00:49:11 +0000"
    },
    "done": true
  },
  "securitycraft:recipes/securitycraft/storage_module": {
    "criteria": {
      "has_iron": "2024-06-24 00:49:11 +0000"
    },
    "done": true
  },
  "additionalguns:recipes/additionalguns/aug": {
    "criteria": {
      "has_iron_ingot": "2024-06-24 00:49:11 +0000"
    },
    "done": true
  },
  "farmersdelight:main/root": {
    "criteria": {
      "seeds": "2024-06-24 00:36:48 +0000"
    },
    "done": true
  },
  "minecraft:recipes/building_blocks/white_wool_from_string": {
    "criteria": {
      "has_string": "2024-06-24 00:49:32 +0000"
    },
    "done": true
  },
  "additionalguns:recipes/additionalguns/mac10": {
    "criteria": {
      "has_iron_ingot": "2024-06-24 00:49:11 +0000"
    },
    "done": true
  },
  "additionalguns:recipes/additionalguns/tactical_silencer": {
    "criteria": {
      "has_iron_ingot": "2024-06-24 00:49:11 +0000"
    },
    "done": true
  },
  "projectarsenal:recipes/projectarsenal/verticalgrip": {
    "criteria": {
      "has_iron_ingots": "2024-06-24 00:49:11 +0000"
    },
    "done": true
  },
  "minecraft:adventure/kill_all_mobs": {
    "criteria": {
      "minecraft:zombie": "2024-06-24 00:36:46 +0000"
    },
    "done": false
  },
  "mcwfences:recipes/quartz": {
    "criteria": {
      "has_qq": "2024-06-24 00:36:48 +0000"
    },
    "done": true
  },
  "projectarsenal:recipes/projectarsenal/aa12": {
    "criteria": {
      "has_iron_ingots": "2024-06-24 00:49:11 +0000"
    },
    "done": true
  },
  "minecraft:recipes/building_blocks/birch_wood": {
    "criteria": {
      "has_log": "2024-06-24 00:37:53 +0000"
    },
    "done": true
  },
  "farmersdelight:recipes/farmersdelight/cooking_pot": {
    "criteria": {
      "has_iron_ingot": "2024-06-24 00:49:11 +0000"
    },
    "done": true
  },
  "projectarsenal:recipes/projectarsenal/special_muzzle_break": {
    "criteria": {
      "has_iron_ingots": "2024-06-24 00:49:11 +0000"
    },
    "done": true
  },
  "farmersdelight:recipes/farmersdelight/cooking/dog_food": {
    "criteria": {
      "has_any_ingredient": "2024-06-24 00:36:48 +0000"
    },
    "done": true
  },
  "projectarsenal:recipes/projectarsenal/vector": {
    "criteria": {
      "has_iron_ingots": "2024-06-24 00:49:11 +0000"
    },
    "done": true
  },
  "additionalguns:recipes/additionalguns/9a91": {
    "criteria": {
      "has_iron_ingot": "2024-06-24 00:49:11 +0000"
    },
    "done": true
  },
  "cfm:recipes/cfm/stripped_birch_desk": {
    "criteria": {
      "has_planks": "2024-06-24 00:37:53 +0000"
    },
    "done": true
  },
  "minecraft:recipes/redstone/birch_door": {
    "criteria": {
      "has_planks": "2024-06-24 00:39:10 +0000"
    },
    "done": true
  },
  "cfm:recipes/cfm/white_grill": {
    "criteria": {
      "has_iron": "2024-06-24 00:49:11 +0000"
    },
    "done": true
  },
  "additionalguns:recipes/additionalguns/over_under": {
    "criteria": {
      "has_planks": "2024-06-24 00:39:10 +0000"
    },
    "done": true
  },
  "additionalguns:recipes/additionalguns/angled_grip": {
    "criteria": {
      "has_iron_ingot": "2024-06-24 00:49:11 +0000"
    },
    "done": true
  },
  "cfm:recipes/cfm/pink_grill": {
    "criteria": {
      "has_iron": "2024-06-24 00:49:11 +0000"
    },
    "done": true
  },
  "cgm:recipes/cgm/stun_grenade": {
    "criteria": {
      "has_gunpowder": "2024-06-24 00:43:26 +0000"
    },
    "done": true
  },
  "minecraft:recipes/decorations/chain": {
    "criteria": {
      "has_iron_ingot": "2024-06-24 00:49:11 +0000"
    },
    "done": true
  },
  "tombstone:adventure/first_knowledge": {
    "criteria": {
      "coded_trigger": "2024-06-24 00:49:16 +0000"
    },
    "done": true
  },
  "additionalguns:recipes/additionalguns/g11": {
    "criteria": {
      "has_iron_ingot": "2024-06-24 00:49:11 +0000"
    },
    "done": true
  },
  "cfm:recipes/cfm/magenta_grill": {
    "criteria": {
      "has_iron": "2024-06-24 00:49:11 +0000"
    },
    "done": true
  },
  "ags_day_counter:firts_day_advancement": {
    "criteria": {
      "firts_day_advancement": "2024-06-24 00:54:11 +0000"
    },
    "done": true
  },
  "minecraft:recipes/decorations/birch_fence": {
    "criteria": {
      "has_planks": "2024-06-24 00:39:10 +0000"
    },
    "done": true
  },
  "additionalguns:recipes/additionalguns/vector": {
    "criteria": {
      "has_iron_ingot": "2024-06-24 00:49:11 +0000"
    },
    "done": true
  },
  "projectarsenal:recipes/projectarsenal/r2_suppressor": {
    "criteria": {
      "has_iron_ingots": "2024-06-24 00:49:11 +0000"
    },
    "done": true
  },
  "cgm:recipes/cgm/rifle": {
    "criteria": {
      "has_iron_ingot": "2024-06-24 00:49:11 +0000"
    },
    "done": true
  },
  "cgm:recipes/cgm/mini_gun": {
    "criteria": {
      "has_iron_ingot": "2024-06-24 00:49:11 +0000"
    },
    "done": true
  },
  "minecraft:recipes/tools/wooden_axe": {
    "criteria": {
      "has_stick": "2024-06-24 00:37:53 +0000"
    },
    "done": true
  },
  "additionalguns:recipes/additionalguns/mp7a2": {
    "criteria": {
      "has_iron_ingot": "2024-06-24 00:49:11 +0000"
    },
    "done": true
  },
  "securitycraft:recipes/securitycraft/keycard_lv2": {
    "criteria": {
      "has_iron": "2024-06-24 00:49:11 +0000"
    },
    "done": true
  },
  "cfm:recipes/cfm/birch_table": {
    "criteria": {
      "has_log": "2024-06-24 00:37:53 +0000"
    },
    "done": true
  },
  "securitycraft:recipes/securitycraft/keycard_lv1": {
    "criteria": {
      "has_iron": "2024-06-24 00:49:11 +0000"
    },
    "done": true
  },
  "mcwfences:recipes/deepslate": {
    "criteria": {
      "has_deepslate": "2024-06-24 00:36:48 +0000"
    },
    "done": true
  },
  "cfm:recipes/cfm/stripped_birch_cabinet": {
    "criteria": {
      "has_log": "2024-06-24 00:37:53 +0000"
    },
    "done": true
  },
  "tombstone:adventure/ashes_and_bones": {
    "criteria": {
      "coded_trigger": "2024-06-24 00:49:16 +0000"
    },
    "done": true
  },
  "minecraft:recipes/decorations/loom": {
    "criteria": {
      "has_string": "2024-06-24 00:49:32 +0000"
    },
    "done": true
  },
  "cfm:recipes/cfm/stripped_birch_desk_cabinet": {
    "criteria": {
      "has_planks": "2024-06-24 00:37:53 +0000"
    },
    "done": true
  },
  "projectarsenal:recipes/projectarsenal/m249": {
    "criteria": {
      "has_iron_ingots": "2024-06-24 00:49:11 +0000"
    },
    "done": true
  },
  "securitycraft:recipes/securitycraft/bouncing_betty": {
    "criteria": {
      "has_iron": "2024-06-24 00:49:11 +0000"
    },
    "done": true
  },
  "cold_sweat:root": {
    "criteria": {
      "requirement": "2024-06-24 00:32:34 +0000"
    },
    "done": true
  },
  "projectarsenal:recipes/projectarsenal/glock21": {
    "criteria": {
      "has_iron_ingots": "2024-06-24 00:49:11 +0000"
    },
    "done": true
  },
  "bakery:recipes/faucet": {
    "criteria": {
      "has_iron_ingot": "2024-06-24 00:49:11 +0000"
    },
    "done": true
  },
  "bakery:recipes/iron_table": {
    "criteria": {
      "has_iron_ingot": "2024-06-24 00:49:11 +0000"
    },
    "done": true
  },
  "cfm:recipes/cfm/light_gray_grill": {
    "criteria": {
      "has_iron": "2024-06-24 00:49:11 +0000"
    },
    "done": true
  },
  "mcwfences:recipes/sandstone": {
    "criteria": {
      "has_sand": "2024-06-24 00:36:48 +0000"
    },
    "done": true
  },
  "mcwfences:recipes/mud_brick": {
    "criteria": {
      "has_qq": "2024-06-24 00:36:48 +0000"
    },
    "done": true
  },
  "projectarsenal:recipes/projectarsenal/desert_eagle": {
    "criteria": {
      "has_iron_ingots": "2024-06-24 00:49:11 +0000"
    },
    "done": true
  },
  "cfm:recipes/cfm/birch_upgraded_fence": {
    "criteria": {
      "has_log": "2024-06-24 00:37:53 +0000"
    },
    "done": true
  },
  "projectarsenal:recipes/projectarsenal/mossou": {
    "criteria": {
      "has_gunpowder": "2024-06-24 00:43:26 +0000"
    },
    "done": true
  },
  "cfm:recipes/cfm/stripped_birch_kitchen_drawer": {
    "criteria": {
      "has_log": "2024-06-24 00:37:53 +0000"
    },
    "done": true
  },
  "minecraft:recipes/redstone/birch_button": {
    "criteria": {
      "has_planks": "2024-06-24 00:39:10 +0000"
    },
    "done": true
  },
  "minecraft:recipes/building_blocks/iron_block": {
    "criteria": {
      "has_iron_ingot": "2024-06-24 00:49:11 +0000"
    },
    "done": true
  },
  "additionalguns:recipes/additionalguns/mammoth": {
    "criteria": {
      "has_iron_ingot": "2024-06-24 00:49:11 +0000"
    },
    "done": true
  },
  "cfm:recipes/cfm/fridge_dark": {
    "criteria": {
      "has_iron": "2024-06-24 00:49:11 +0000"
    },
    "done": true
  },
  "additionalguns:recipes/additionalguns/p250": {
    "criteria": {
      "has_iron_ingot": "2024-06-24 00:49:11 +0000"
    },
    "done": true
  },
  "securitycraft:recipes/securitycraft/keycard_lv4": {
    "criteria": {
      "has_iron": "2024-06-24 00:49:11 +0000"
    },
    "done": true
  },
  "securitycraft:recipes/securitycraft/sc_manual": {
    "criteria": {
      "has_wood": "2024-06-24 00:37:53 +0000"
    },
    "done": true
  },
  "additionalguns:recipes/additionalguns/ssg08": {
    "criteria": {
      "has_iron_ingot": "2024-06-24 00:49:11 +0000"
    },
    "done": true
  },
  "mcwfences:recipes/mangrove": {
    "criteria": {
      "has_mangrove": "2024-06-24 00:36:48 +0000"
    },
    "done": true
  },
  "securitycraft:recipes/securitycraft/keycard_lv3": {
    "criteria": {
      "has_iron": "2024-06-24 00:49:11 +0000"
    },
    "done": true
  },
  "moguns:crayfish/root": {
    "criteria": {
      "tick": "2024-06-24 00:32:34 +0000"
    },
    "done": true
  },
  "cfm:recipes/cfm/birch_bedside_cabinet": {
    "criteria": {
      "has_log": "2024-06-24 00:37:53 +0000"
    },
    "done": true
  },
  "mcwfences:recipes/warped": {
    "criteria": {
      "has_warped": "2024-06-24 00:36:48 +0000"
    },
    "done": true
  },
  "securitycraft:recipes/securitycraft/keycard_lv5": {
    "criteria": {
      "has_iron": "2024-06-24 00:49:11 +0000"
    },
    "done": true
  },
  "additionalguns:recipes/additionalguns/m4a1s": {
    "criteria": {
      "has_iron_ingot": "2024-06-24 00:49:11 +0000"
    },
    "done": true
  },
  "cfm:recipes/cfm/birch_kitchen_counter": {
    "criteria": {
      "has_log": "2024-06-24 00:37:53 +0000"
    },
    "done": true
  },
  "minecraft:recipes/combat/wooden_sword": {
    "criteria": {
      "has_stick": "2024-06-24 00:37:53 +0000"
    },
    "done": true
  },
  "cfm:recipes/cfm/spatula": {
    "criteria": {
      "has_iron": "2024-06-24 00:49:11 +0000"
    },
    "done": true
  },
  "additionalguns:recipes/additionalguns/glock18": {
    "criteria": {
      "has_iron_ingot": "2024-06-24 00:49:11 +0000"
    },
    "done": true
  },
  "farmersdelight:recipes/farmersdelight/cooking/bone_broth": {
    "criteria": {
      "has_bone": "2024-06-24 00:49:12 +0000"
    },
    "done": true
  },
  "tombstone:adventure/root": {
    "criteria": {
      "auto": "2024-06-24 00:32:36 +0000"
    },
    "done": true
  },
  "ags_day_counter:day_counter_root_advancement": {
    "criteria": {
      "day_counter_root_advancement": "2024-06-24 00:32:34 +0000"
    },
    "done": true
  },
  "securitycraft:recipes/securitycraft/smart_module": {
    "criteria": {
      "has_iron": "2024-06-24 00:49:11 +0000"
    },
    "done": true
  },
  "cfm:recipes/cfm/birch_coffee_table": {
    "criteria": {
      "has_log": "2024-06-24 00:37:53 +0000"
    },
    "done": true
  },
  "cgm:recipes/cgm/workbench": {
    "criteria": {
      "has_iron": "2024-06-24 00:49:11 +0000"
    },
    "done": true
  },
  "cgm:recipes/cgm/assault_rifle": {
    "criteria": {
      "has_iron_ingot": "2024-06-24 00:49:11 +0000"
    },
    "done": true
  },
  "projectarsenal:recipes/projectarsenal/m9": {
    "criteria": {
      "has_iron_ingots": "2024-06-24 00:49:11 +0000"
    },
    "done": true
  },
  "additionalguns:recipes/additionalguns/fn2000": {
    "criteria": {
      "has_iron_ingot": "2024-06-24 00:49:11 +0000"
    },
    "done": true
  },
  "additionalguns:recipes/additionalguns/ots_03": {
    "criteria": {
      "has_iron_ingot": "2024-06-24 00:49:11 +0000"
    },
    "done": true
  },
  "securitycraft:recipes/securitycraft/block_change_detector": {
    "criteria": {
      "has_iron": "2024-06-24 00:49:11 +0000"
    },
    "done": true
  },
  "minecraft:recipes/tools/iron_axe": {
    "criteria": {
      "has_iron_ingot": "2024-06-24 00:49:11 +0000"
    },
    "done": true
  },
  "mcwfences:recipes/birch": {
    "criteria": {
      "has_birch": "2024-06-24 00:36:48 +0000"
    },
    "done": true
  },
  "cgm:recipes/cgm/basic_bullet": {
    "criteria": {
      "has_gunpowder": "2024-06-24 00:43:26 +0000"
    },
    "done": true
  },
  "cfm:recipes/cfm/birch_desk_cabinet": {
    "criteria": {
      "has_log": "2024-06-24 00:37:53 +0000"
    },
    "done": true
  },
  "minecraft:recipes/redstone/tripwire_hook": {
    "criteria": {
      "has_string": "2024-06-24 00:49:32 +0000"
    },
    "done": true
  },
  "minecraft:recipes/combat/iron_boots": {
    "criteria": {
      "has_iron_ingot": "2024-06-24 00:49:11 +0000"
    },
    "done": true
  },
  "cgm:recipes/cgm/bazooka": {
    "criteria": {
      "has_iron_ingot": "2024-06-24 00:49:11 +0000"
    },
    "done": true
  },
  "cfm:recipes/cfm/birch_chair": {
    "criteria": {
      "has_log": "2024-06-24 00:37:53 +0000"
    },
    "done": true
  },
  "minecraft:recipes/misc/bone_meal": {
    "criteria": {
      "has_bone": "2024-06-24 00:49:12 +0000"
    },
    "done": true
  },
  "minecraft:recipes/building_blocks/birch_planks": {
    "criteria": {
      "has_logs": "2024-06-24 00:37:53 +0000"
    },
    "done": true
  },
  "additionalguns:recipes/additionalguns/ak15": {
    "criteria": {
      "has_iron_ingot": "2024-06-24 00:49:11 +0000"
    },
    "done": true
  },
  "cgm:recipes/cgm/shotgun": {
    "criteria": {
      "has_iron_ingot": "2024-06-24 00:49:11 +0000"
    },
    "done": true
  },
  "projectarsenal:recipes/projectarsenal/unica_m6": {
    "criteria": {
      "has_iron_ingots": "2024-06-24 00:49:11 +0000"
    },
    "done": true
  },
  "additionalguns:recipes/additionalguns/ak12": {
    "criteria": {
      "has_iron_ingot": "2024-06-24 00:49:11 +0000"
    },
    "done": true
  },
  "additionalguns:recipes/additionalguns/bullet_short": {
    "criteria": {
      "has_gunpowder": "2024-06-24 00:43:26 +0000"
    },
    "done": true
  },
  "cfm:recipes/cfm/stripped_birch_crate": {
    "criteria": {
      "has_planks": "2024-06-24 00:37:53 +0000"
    },
    "done": true
  },
  "additionalguns:recipes/additionalguns/m4a4": {
    "criteria": {
      "has_iron_ingot": "2024-06-24 00:49:11 +0000"
    },
    "done": true
  },
  "farmersdelight:recipes/farmersdelight/iron_knife": {
    "criteria": {
      "has_iron_ingot": "2024-06-24 00:49:11 +0000"
    },
    "done": true
  },
  "projectarsenal:recipes/projectarsenal/skeletongrip": {
    "criteria": {
      "has_iron_ingots": "2024-06-24 00:49:11 +0000"
    },
    "done": true
  },
  "cfm:recipes/cfm/stripped_birch_coffee_table": {
    "criteria": {
      "has_planks": "2024-06-24 00:37:53 +0000"
    },
    "done": true
  },
  "minecraft:recipes/redstone/birch_fence_gate": {
    "criteria": {
      "has_planks": "2024-06-24 00:39:10 +0000"
    },
    "done": true
  },
  "decorative_blocks:recipes/decorative_blocks.general/birch_support": {
    "criteria": {
      "has_plank": "2024-06-24 00:39:10 +0000"
    },
    "done": true
  },
  "minecraft:recipes/combat/crossbow": {
    "criteria": {
      "has_stick": "2024-06-24 00:37:53 +0000"
    },
    "done": true
  },
  "minecraft:recipes/combat/iron_chestplate": {
    "criteria": {
      "has_iron_ingot": "2024-06-24 00:49:11 +0000"
    },
    "done": true
  },
  "projectarsenal:recipes/projectarsenal/mp5a4": {
    "criteria": {
      "has_iron_ingots": "2024-06-24 00:49:11 +0000"
    },
    "done": true
  },
  "cgm:recipes/cgm/shell": {
    "criteria": {
      "has_gunpowder": "2024-06-24 00:43:26 +0000"
    },
    "done": true
  },
  "additionalguns:recipes/additionalguns/python": {
    "criteria": {
      "has_planks": "2024-06-24 00:39:10 +0000"
    },
    "done": true
  },
  "twigs:recipes/bone_meal_from_seashells": {
    "criteria": {
      "has_item": "2024-06-24 00:39:02 +0000"
    },
    "done": true
  },
  "cfm:recipes/cfm/stripped_birch_park_bench": {
    "criteria": {
      "has_log": "2024-06-24 00:37:53 +0000"
    },
    "done": true
  },
  "securitycraft:recipes/securitycraft/trophy_system": {
    "criteria": {
      "has_iron": "2024-06-24 00:49:11 +0000"
    },
    "done": true
  },
  "projectarsenal:recipes/projectarsenal/auto9": {
    "criteria": {
      "has_iron_ingots": "2024-06-24 00:49:11 +0000"
    },
    "done": true
  },
  "additionalguns:recipes/additionalguns/custom_mac": {
    "criteria": {
      "has_iron_ingot": "2024-06-24 00:49:11 +0000"
    },
    "done": true
  },
  "minecraft:adventure/kill_a_mob": {
    "criteria": {
      "minecraft:zombie": "2024-06-24 00:36:46 +0000"
    },
    "done": true
  },
  "securitycraft:recipes/securitycraft/camera_monitor": {
    "criteria": {
      "has_iron": "2024-06-24 00:49:11 +0000"
    },
    "done": true
  },
  "cold_sweat:recipes/thermometer": {
    "criteria": {
      "temperature": "2024-06-24 00:32:34 +0000"
    },
    "done": true
  },
  "securitycraft:recipes/securitycraft/limited_use_keycard": {
    "criteria": {
      "has_iron": "2024-06-24 00:49:11 +0000"
    },
    "done": true
  },
  "additionalguns:recipes/additionalguns/banshee": {
    "criteria": {
      "has_iron_ingot": "2024-06-24 00:49:11 +0000"
    },
    "done": true
  },
  "tombstone:recipes/from_grave_dust": {
    "criteria": {
      "has_ingredient": "2024-06-24 00:49:40 +0000"
    },
    "done": true
  },
  "farmersdelight:recipes/farmersdelight/flint_knife": {
    "criteria": {
      "has_stick": "2024-06-24 00:37:53 +0000"
    },
    "done": true
  },
  "projectarsenal:recipes/projectarsenal/famas": {
    "criteria": {
      "has_iron_ingots": "2024-06-24 00:49:11 +0000"
    },
    "done": true
  },
  "mcwfences:recipes/blackstone": {
    "criteria": {
      "has_blackstone": "2024-06-24 00:36:48 +0000"
    },
    "done": true
  },
  "twigs:recipes/tables/birch_table": {
    "criteria": {
      "has_bamboo": "2024-06-24 00:39:10 +0000"
    },
    "done": true
  },
  "moguns:weapons/root": {
    "criteria": {
      "tick": "2024-06-24 00:32:34 +0000"
    },
    "done": true
  },
  "cgm:recipes/cgm/missile": {
    "criteria": {
      "has_gunpowder": "2024-06-24 00:43:26 +0000"
    },
    "done": true
  },
  "minecraft:adventure/adventuring_time": {
    "criteria": {
      "minecraft:taiga": "2024-06-24 00:36:21 +0000",
      "minecraft:birch_forest": "2024-06-24 00:32:36 +0000",
      "minecraft:beach": "2024-06-24 00:37:42 +0000",
      "minecraft:old_growth_spruce_taiga": "2024-06-24 00:36:20 +0000"
    },
    "done": false
  },
  "minecraft:recipes/redstone/iron_door": {
    "criteria": {
      "has_iron_ingot": "2024-06-24 00:49:11 +0000"
    },
    "done": true
  },
  "cold_sweat:extreme_temps": {
    "criteria": {
      "requirement": "2024-06-24 00:32:34 +0000"
    },
    "done": true
  },
  "cfm:recipes/cfm/red_grill": {
    "criteria": {
      "has_iron": "2024-06-24 00:49:11 +0000"
    },
    "done": true
  },
  "securitycraft:recipes/securitycraft/whitelist_module": {
    "criteria": {
      "has_iron": "2024-06-24 00:49:11 +0000"
    },
    "done": true
  },
  "minecraft:recipes/decorations/barrel": {
    "criteria": {
      "has_planks": "2024-06-24 00:39:10 +0000"
    },
    "done": true
  },
  "projectarsenal:recipes/projectarsenal/maxim9": {
    "criteria": {
      "has_iron_ingots": "2024-06-24 00:49:11 +0000"
    },
    "done": true
  },
  "cgm:recipes/cgm/grenade_launcher": {
    "criteria": {
      "has_iron_ingot": "2024-06-24 00:49:11 +0000"
    },
    "done": true
  },
  "minecraft:recipes/decorations/smithing_table": {
    "criteria": {
      "has_iron_ingot": "2024-06-24 00:49:11 +0000"
    },
    "done": true
  },
  "cfm:recipes/cfm/gray_grill": {
    "criteria": {
      "has_iron": "2024-06-24 00:49:11 +0000"
    },
    "done": true
  },
  "betteranimalsplus:root": {
    "criteria": {
      "tick": "2024-06-24 00:32:34 +0000"
    },
    "done": true
  },
  "cfm:recipes/cfm/lime_grill": {
    "criteria": {
      "has_iron": "2024-06-24 00:49:11 +0000"
    },
    "done": true
  },
  "securitycraft:recipes/securitycraft/motion_activated_light": {
    "criteria": {
      "has_stick": "2024-06-24 00:37:53 +0000"
    },
    "done": true
  },
  "additionalguns:recipes/additionalguns/usas12": {
    "criteria": {
      "has_iron_ingot": "2024-06-24 00:49:11 +0000"
    },
    "done": true
  },
  "cgm:recipes/cgm/pistol": {
    "criteria": {
      "has_iron_ingot": "2024-06-24 00:49:11 +0000"
    },
    "done": true
  },
  "securitycraft:recipes/securitycraft/mine": {
    "criteria": {
      "has_iron": "2024-06-24 00:49:11 +0000"
    },
    "done": true
  },
  "minecraft:recipes/building_blocks/birch_stairs": {
    "criteria": {
      "has_planks": "2024-06-24 00:39:10 +0000"
    },
    "done": true
  },
  "mcwfences:recipes/acacia": {
    "criteria": {
      "has_acacia": "2024-06-24 00:36:48 +0000"
    },
    "done": true
  },
  "minecraft:recipes/redstone/heavy_weighted_pressure_plate": {
    "criteria": {
      "has_iron_ingot": "2024-06-24 00:49:11 +0000"
    },
    "done": true
  },
  "cfm:recipes/cfm/black_grill": {
    "criteria": {
      "has_iron": "2024-06-24 00:49:11 +0000"
    },
    "done": true
  },
  "projectarsenal:recipes/projectarsenal/m1911": {
    "criteria": {
      "has_iron_ingots": "2024-06-24 00:49:11 +0000"
    },
    "done": true
  },
  "cgm:recipes/cgm/heavy_rifle": {
    "criteria": {
      "has_iron_ingot": "2024-06-24 00:49:11 +0000"
    },
    "done": true
  },
  "additionalguns:recipes/additionalguns/mat_49": {
    "criteria": {
      "has_iron_ingot": "2024-06-24 00:49:11 +0000"
    },
    "done": true
  },
  "additionalguns:recipes/additionalguns/tactical_muzzle_brake": {
    "criteria": {
      "has_iron_ingot": "2024-06-24 00:49:11 +0000"
    },
    "done": true
  },
  "additionalguns:recipes/additionalguns/ravens_claw": {
    "criteria": {
      "has_iron_ingot": "2024-06-24 00:49:11 +0000"
    },
    "done": true
  },
  "cfm:recipes/cfm/cyan_grill": {
    "criteria": {
      "has_iron": "2024-06-24 00:49:11 +0000"
    },
    "done": true
  },
  "additionalguns:recipes/additionalguns/pp_19": {
    "criteria": {
      "has_iron_ingot": "2024-06-24 00:49:11 +0000"
    },
    "done": true
  },
  "bakery:recipes/iron_chair": {
    "criteria": {
      "has_iron_ingot": "2024-06-24 00:49:11 +0000"
    },
    "done": true
  },
  "projectarsenal:recipes/projectarsenal/prismatic": {
    "criteria": {
      "has_iron_ingots": "2024-06-24 00:49:11 +0000"
    },
    "done": true
  },
  "minecraft:recipes/redstone/birch_trapdoor": {
    "criteria": {
      "has_planks": "2024-06-24 00:39:10 +0000"
    },
    "done": true
  },
  "securitycraft:recipes/securitycraft/briefcase": {
    "criteria": {
      "has_iron": "2024-06-24 00:49:11 +0000"
    },
    "done": true
  },
  "minecraft:recipes/decorations/lantern": {
    "criteria": {
      "has_iron_ingot": "2024-06-24 00:49:11 +0000"
    },
    "done": true
  },
  "mcwfences:recipes/dark_oak": {
    "criteria": {
      "has_dark_oak": "2024-06-24 00:36:48 +0000"
    },
    "done": true
  },
  "cfm:recipes/cfm/light_blue_grill": {
    "criteria": {
      "has_iron": "2024-06-24 00:49:11 +0000"
    },
    "done": true
  },
  "decorative_blocks:recipes/decorative_blocks.general/bar_panel": {
    "criteria": {
      "has_ingot": "2024-06-24 00:49:11 +0000"
    },
    "done": true
  },
  "cfm:recipes/cfm/post_box": {
    "criteria": {
      "has_iron": "2024-06-24 00:49:11 +0000"
    },
    "done": true
  },
  "additionalguns:recipes/additionalguns/bullet_small": {
    "criteria": {
      "has_gunpowder": "2024-06-24 00:43:26 +0000"
    },
    "done": true
  },
  "betteranimalsplus:bad_fox": {
    "criteria": {
      "no_bam": "2024-06-24 00:32:53 +0000"
    },
    "done": false
  },
  "twigs:recipes/stick_from_twig": {
    "criteria": {
      "has_item": "2024-06-24 00:37:22 +0000"
    },
    "done": true
  },
  "cfm:recipes/cfm/birch_kitchen_drawer": {
    "criteria": {
      "has_log": "2024-06-24 00:37:53 +0000"
    },
    "done": true
  },
  "additionalguns:recipes/additionalguns/bullet_special": {
    "criteria": {
      "has_gunpowder": "2024-06-24 00:43:26 +0000"
    },
    "done": true
  },
  "securitycraft:recipes/securitycraft/reinforced_fence_gate": {
    "criteria": {
      "has_iron": "2024-06-24 00:49:11 +0000"
    },
    "done": true
  },
  "minecraft:recipes/decorations/soul_campfire": {
    "criteria": {
      "has_stick": "2024-06-24 00:37:53 +0000"
    },
    "done": true
  },
  "minecraft:story/smelt_iron": {
    "criteria": {
      "iron": "2024-06-24 00:49:11 +0000"
    },
    "done": true
  },
  "cfm:recipes/cfm/birch_cabinet": {
    "criteria": {
      "has_log": "2024-06-24 00:37:53 +0000"
    },
    "done": true
  },
  "bakery:recipes/kitchen_sink": {
    "criteria": {
      "has_iron_ingot": "2024-06-24 00:49:11 +0000"
    },
    "done": true
  },
  "securitycraft:recipes/securitycraft/disguise_module": {
    "criteria": {
      "has_iron": "2024-06-24 00:49:11 +0000"
    },
    "done": true
  },
  "additionalguns:recipes/additionalguns/ak104": {
    "criteria": {
      "has_iron_ingot": "2024-06-24 00:49:11 +0000"
    },
    "done": true
  },
  "additionalguns:recipes/additionalguns/ak105": {
    "criteria": {
      "has_iron_ingot": "2024-06-24 00:49:11 +0000"
    },
    "done": true
  },
  "cfm:recipes/cfm/birch_kitchen_sink_dark": {
    "criteria": {
      "has_bottom": "2024-06-24 00:39:10 +0000"
    },
    "done": true
  },
  "cfm:recipes/cfm/fridge_light": {
    "criteria": {
      "has_iron": "2024-06-24 00:49:11 +0000"
    },
    "done": true
  },
  "projectarsenal:recipes/projectarsenal/aug_a3c": {
    "criteria": {
      "has_iron_ingots": "2024-06-24 00:49:11 +0000"
    },
    "done": true
  },
  "DataVersion": 3120
}